ACCIDENT_DATE,ACCIDENT_TIME,ALCOHOLTIME,ACCIDENT_TYPE,DCA_CODE,HIT_RUN_FLAG,LIGHT_CONDITION,POLICE_ATTEND,ROAD_GEOMETRY,SEVERITY,SPEED_ZONE,LONGITUDE,LATITUDE,LGA_NAME,REGION_NAME,TOTAL_PERSONS,INJ_OR_FATAL,FATALITY,SERIOUSINJURY,OTHERINJURY,NONINJURED,MALES,FEMALES,BICYCLIST,PASSENGER,DRIVER,PEDESTRIAN,PILLION,MOTORIST,UNKNOWN,PED_CYCLIST_5_12,PED_CYCLIST_13_18,OLD_PEDESTRIAN,OLD_DRIVER,YOUNG_DRIVER,ALCOHOL_RELATED,UNLICENCSED,NO_OF_VEHICLES,HEAVYVEHICLE,PASSENGERVEHICLE,MOTORCYCLE,PUBLICVEHICLE,DEG_URBAN_NAME
16/01/2013,10.00.00,No,Collision with vehicle,RIGHT FAR (INTERSECTIONS ONLY),No,Day,No,Cross intersection,Other injury accident,Not known,146.54455,-38.2015,LATROBE,EASTERN REGION,2,1,0,0,1,1,2,0,0,0,1,0,0,1,0,0,0,0,0,0,No,0,2,0,1,1,0,Small Provincial Cities
16/01/2013,09.55.00,No,Collision with vehicle,RIGHT TURN SIDESWIPE,No,Day,Yes,Not at intersection,Other injury accident,100 km/hr,147.54171,-37.85358,EAST GIPPSLAND,EASTERN REGION,3,1,0,0,1,2,3,0,0,1,1,0,0,1,0,0,0,0,0,0,No,0,2,1,0,1,0,Country
16/01/2013,04.50.00,Yes,Collision with a fixed object,OFF RIGHT BEND INTO OBJECT/PARKED VEHICLE,No,Dark Street lights on,Yes,Not at intersection,Serious injury accident,110 km/hr,143.91726,-37.559,BALLARAT,WESTERN REGION,1,1,0,1,0,0,1,0,0,0,1,0,0,0,0,0,0,0,0,0,No,0,1,1,0,0,0,Country
16/01/2013,08.14.00,No,Struck Pedestrian,PED NEAR SIDE. PED HIT BY VEHICLE FROM THE RIGHT.,No,Day,Yes,Cross intersection,Other injury accident,60 km/hr,144.89718,-37.81438,MARIBYRNONG,METROPOLITAN NORTH WEST REGION,2,1,0,0,1,1,0,1,0,0,1,1,0,0,0,0,0,0,0,0,No,0,1,0,1,0,0,Metropolitan Excluding CBD
16/01/2013,13.50.00,No,Collision with vehicle,CROSS TRAFFIC(INTERSECTIONS ONLY),No,Day,Yes,Cross intersection,Other injury accident,50 km/hr,143.81603,-37.55684,BALLARAT,WESTERN REGION,3,3,0,0,3,0,2,1,0,1,2,0,0,0,0,0,0,0,0,0,No,0,2,0,2,0,0,Large Provincial Cities
16/01/2013,15.20.00,No,Collision with vehicle,CROSS TRAFFIC(INTERSECTIONS ONLY),No,Day,Yes,Cross intersection,Other injury accident,100 km/hr,147.086,-38.08821,WELLINGTON,EASTERN REGION,2,1,0,0,1,1,1,1,0,0,2,0,0,0,0,0,0,0,0,0,No,0,2,0,2,0,0,Country
16/01/2013,12.05.00,No,No collision and no object struck,OUT OF CONTROL ON CARRIAGEWAY (ON STRAIGHT),No,Day,Yes,Not at intersection,Serious injury accident,60 km/hr,144.93169,-38.34707,MORNINGTON PENINSULA,METROPOLITAN SOUTH EAST REGION,2,1,0,1,0,1,1,1,1,0,1,0,0,0,0,0,0,0,0,0,No,0,2,0,1,0,0,Metropolitan Excluding CBD
16/01/2013,13.42.00,No,No collision and no object struck,OUT OF CONTROL ON CARRIAGEWAY (ON STRAIGHT),No,Day,Yes,T intersection,Serious injury accident,50 km/hr,143.81688,-37.53305,BALLARAT,WESTERN REGION,3,1,0,1,0,2,2,0,0,1,1,0,0,1,0,0,0,0,0,0,No,0,2,0,1,1,0,Large Provincial Cities
16/01/2013,14.40.00,No,Collision with vehicle,RIGHT REAR.,No,Day,Yes,T intersection,Other injury accident,80 km/hr,144.13399,-38.43288,SURF COAST,SOUTH WESTERN REGION,3,2,0,0,2,1,2,1,0,1,2,0,0,0,0,0,0,0,0,1,No,0,2,0,2,0,0,Country
16/01/2013,16.50.00,No,Collision with vehicle,REAR END(VEHICLES IN SAME LANE),No,Day,No,T intersection,Other injury accident,60 km/hr,145.13496,-38.12194,FRANKSTON,METROPOLITAN SOUTH EAST REGION,4,1,0,0,1,3,3,1,0,1,3,0,0,0,0,0,0,0,0,0,No,0,3,0,3,0,0,Metropolitan Excluding CBD
16/01/2013,17.15.00,No,Collision with vehicle,LEFT TURN SIDESWIPE,No,Day,Yes,Not at intersection,Serious injury accident,70 km/hr,145.13377,-37.73175,BANYULE,METROPOLITAN NORTH WEST REGION,2,1,0,1,0,1,2,0,1,0,1,0,0,0,0,0,0,0,0,0,No,0,3,0,2,0,0,Metropolitan Excluding CBD
16/01/2013,17.57.00,No,Collision with vehicle,RIGHT THROUGH,No,Day,Yes,Cross intersection,Serious injury accident,60 km/hr,144.98206,-37.4167,MITCHELL,NORTHERN REGION,3,2,0,2,0,1,1,2,0,1,2,0,0,0,0,0,0,0,0,2,No,0,2,0,2,0,0,Other Towns
16/01/2013,16.30.00,No,Collision with vehicle,RIGHT THROUGH,No,Day,Yes,Cross intersection,Other injury accident,50 km/hr,144.6555,-37.90456,WYNDHAM,METROPOLITAN NORTH WEST REGION,4,1,0,0,1,3,1,3,0,2,2,0,0,0,0,0,0,0,0,0,No,0,2,0,2,0,0,Metropolitan Excluding CBD
16/01/2013,14.20.00,No,Vehicle overturned (no collision),OFF CARRIAGEWAY TO RIGHT,No,Day,Yes,Not at intersection,Other injury accident,100 km/hr,148.40147,-37.74583,EAST GIPPSLAND,EASTERN REGION,2,2,0,0,2,0,1,1,0,1,1,0,0,0,0,0,0,0,0,0,No,0,1,0,1,0,0,Country
16/01/2013,20.00.00,Yes,Collision with a fixed object,OFF RIGHT BEND INTO OBJECT/PARKED VEHICLE,No,Dusk/Dawn,Yes,Not at intersection,Serious injury accident,100 km/hr,144.17272,-37.52757,MOORABOOL,WESTERN REGION,5,5,0,2,3,0,2,3,0,4,1,0,0,0,0,0,0,0,0,0,No,0,1,0,1,0,0,Country
16/01/2013,15.30.00,No,Collision with vehicle,PULLING OUT -REAR END,No,Day,Yes,Not at intersection,Other injury accident,100 km/hr,145.1882,-37.93176,MONASH,METROPOLITAN SOUTH EAST REGION,2,2,0,0,2,0,1,1,0,0,2,0,0,0,0,0,0,0,0,1,No,0,2,0,2,0,0,Metropolitan Excluding CBD
16/01/2013,18.00.00,Yes,Collision with vehicle,RIGHT THROUGH,No,Day,Yes,T intersection,Serious injury accident,80 km/hr,145.14359,-37.9247,DANDENONG,METROPOLITAN SOUTH EAST REGION,4,3,0,1,2,1,3,1,0,1,3,0,0,0,0,0,0,0,0,0,No,0,3,0,3,0,0,Metropolitan Excluding CBD
16/01/2013,09.30.00,No,Collision with vehicle,LANE CHANGE RIGHT (NOT OVERTAKING),No,Day,No,T intersection,Other injury accident,80 km/hr,145.17948,-37.95362,DANDENONG,METROPOLITAN SOUTH EAST REGION,2,1,0,0,1,1,2,0,0,0,2,0,0,0,0,0,0,0,0,1,No,0,2,0,2,0,0,Metropolitan Excluding CBD
16/01/2013,21.30.00,Yes,Collision with vehicle,REAR END(VEHICLES IN SAME LANE),No,Unk.,No,Cross intersection,Other injury accident,50 km/hr,144.95756,-37.79972,MELBOURNE,METROPOLITAN NORTH WEST REGION,2,1,0,0,1,1,1,1,0,0,1,0,0,1,0,0,0,0,0,0,No,0,2,0,1,1,0,Metropolitan Excluding CBD
16/01/2013,07.45.00,No,Collision with vehicle,REAR END(VEHICLES IN SAME LANE),No,Day,No,Not at intersection,Other injury accident,Not known,144.90351,-37.79935,MARIBYRNONG,METROPOLITAN NORTH WEST REGION,2,1,0,0,1,1,2,0,0,0,2,0,0,0,0,0,0,0,0,0,No,0,2,0,2,0,0,Metropolitan Excluding CBD
16/01/2013,22.15.00,Yes,Collision with a fixed object,OFF RIGHT BEND INTO OBJECT/PARKED VEHICLE,No,Dark No street lights,Yes,Not at intersection,Serious injury accident,50 km/hr,144.82492,-38.38225,MORNINGTON PENINSULA,METROPOLITAN SOUTH EAST REGION,1,1,0,1,0,0,1,0,0,0,0,0,0,1,0,0,0,0,0,0,No,0,1,0,0,1,0,Metropolitan Excluding CBD
16/01/2013,18.00.00,Yes,Collision with a fixed object,OFF RIGHT BEND INTO OBJECT/PARKED VEHICLE,No,Day,Yes,Not at intersection,Serious injury accident,100 km/hr,144.22478,-35.71093,GANNAWARRA,NORTHERN REGION,1,1,0,1,0,0,1,0,0,0,0,0,0,1,0,0,0,0,0,0,No,0,1,0,0,1,0,Country
16/01/2013,15.05.00,No,Collision with vehicle,LEFT REAR,No,Day,Yes,T intersection,Serious injury accident,60 km/hr,144.84111,-38.37076,MORNINGTON PENINSULA,METROPOLITAN SOUTH EAST REGION,2,1,0,1,0,1,1,1,1,0,1,0,0,0,0,0,0,0,0,0,No,0,2,0,1,0,0,Metropolitan Excluding CBD
16/01/2013,07.45.00,No,Collision with vehicle,REAR END(VEHICLES IN SAME LANE),No,Day,No,Not at intersection,Other injury accident,60 km/hr,145.02725,-37.63216,WHITTLESEA,METROPOLITAN NORTH WEST REGION,2,1,0,0,1,1,0,2,0,0,2,0,0,0,0,0,0,0,0,0,No,0,2,0,2,0,0,Metropolitan Excluding CBD
16/01/2013,16.25.00,No,Collision with vehicle,RIGHT THROUGH,No,Day,No,T intersection,Other injury accident,80 km/hr,145.09236,-37.86889,BOROONDARA,METROPOLITAN SOUTH EAST REGION,2,1,0,0,1,1,1,1,0,0,2,0,0,0,0,0,0,0,0,1,No,0,2,0,2,0,0,Metropolitan Excluding CBD
16/01/2013,22.45.00,Yes,No collision and no object struck,OUT OF CONTROL ON CARRIAGEWAY (ON STRAIGHT),No,Dark Street lights unknown,No,Not at intersection,Other injury accident,60 km/hr,144.91717,-37.6803,HUME,METROPOLITAN NORTH WEST REGION,1,1,0,0,1,0,1,0,0,0,0,0,0,1,0,0,0,0,0,0,No,0,1,0,0,1,0,Metropolitan Excluding CBD
16/01/2013,15.00.00,No,Collision with vehicle,RIGHT FAR (INTERSECTIONS ONLY),No,Day,No,Cross intersection,Other injury accident,60 km/hr,144.90409,-37.77039,MOONEE VALLEY,METROPOLITAN NORTH WEST REGION,2,1,0,0,1,1,0,2,0,0,2,0,0,0,0,0,0,0,0,0,No,0,2,0,2,0,0,Metropolitan Excluding CBD
16/01/2013,15.00.00,No,Collision with vehicle,RIGHT THROUGH,No,Day,No,Unknown,Serious injury accident,70 km/hr,145.00764,-37.7456,DAREBIN,METROPOLITAN NORTH WEST REGION,2,1,0,1,0,1,0,2,0,0,2,0,0,0,0,0,0,0,0,0,No,0,2,0,2,0,0,Metropolitan Excluding CBD
16/01/2013,17.00.00,No,Collision with vehicle,PULLING OUT -REAR END,No,Day,No,Not at intersection,Other injury accident,80 km/hr,145.14775,-38.09796,FRANKSTON,METROPOLITAN SOUTH EAST REGION,2,1,0,0,1,1,1,0,0,0,0,0,0,1,1,0,0,0,0,0,No,0,2,0,0,1,0,Metropolitan Excluding CBD
16/01/2013,09.30.00,No,Collision with vehicle,VEHICLE OFF FOOTPATH STRIKES VEH ON CARRIAGEWAY,No,Day,No,Cross intersection,Other injury accident,50 km/hr,144.95756,-37.79972,MELBOURNE,METROPOLITAN NORTH WEST REGION,2,1,0,0,1,1,1,1,1,0,1,0,0,0,0,0,0,0,0,0,No,0,2,0,1,0,0,Metropolitan Excluding CBD
16/01/2013,10.00.00,No,Collision with vehicle,REAR END(VEHICLES IN SAME LANE),No,Day,No,Not at intersection,Other injury accident,60 km/hr,144.58975,-37.48566,MACEDON RANGES,NORTHERN REGION,2,1,0,0,1,1,2,0,0,0,2,0,0,0,0,0,0,0,0,0,No,0,2,0,2,0,0,Other Towns
16/01/2013,15.30.00,No,Collision with vehicle,REAR END(VEHICLES IN SAME LANE),No,Day,No,Not at intersection,Other injury accident,100 km/hr,145.25074,-38.00899,DANDENONG,METROPOLITAN SOUTH EAST REGION,2,1,0,0,1,1,0,2,0,0,2,0,0,0,0,0,0,0,0,0,No,0,2,0,2,0,0,Metropolitan Excluding CBD
17/01/2013,07.05.00,No,Collision with vehicle,LEFT NEAR (INTERSECTIONS ONLY),No,Day,Yes,Cross intersection,Other injury accident,70 km/hr,145.05618,-37.93576,GLEN EIRA,METROPOLITAN SOUTH EAST REGION,2,2,0,0,2,0,2,0,1,0,1,0,0,0,0,0,0,0,0,0,No,0,2,0,1,0,0,Metropolitan Excluding CBD
17/01/2013,07.48.00,No,Collision with vehicle,RIGHT THROUGH,No,Day,Yes,Not at intersection,Other injury accident,50 km/hr,144.93769,-37.78437,MOONEE VALLEY,METROPOLITAN NORTH WEST REGION,3,2,0,0,2,1,3,0,2,0,1,0,0,0,0,0,0,0,0,0,No,0,3,0,1,0,0,Metropolitan Excluding CBD
17/01/2013,09.30.00,No,Collision with vehicle,RIGHT THROUGH,No,Day,Yes,Cross intersection,Other injury accident,60 km/hr,145.1448,-37.78035,MANNINGHAM,METROPOLITAN SOUTH EAST REGION,2,1,0,0,1,1,0,2,0,0,2,0,0,0,0,0,0,0,0,0,No,0,2,0,2,0,0,Metropolitan Excluding CBD
17/01/2013,10.45.00,No,Collision with vehicle,LEFT NEAR (INTERSECTIONS ONLY),No,Day,Yes,T intersection,Serious injury accident,50 km/hr,145.32964,-37.7856,YARRA RANGES,METROPOLITAN SOUTH EAST REGION,2,1,0,1,0,1,1,1,0,0,2,0,0,0,0,0,0,0,0,0,No,0,2,0,2,0,0,Metropolitan Excluding CBD
17/01/2013,12.05.00,No,Collision with a fixed object,LEFT OFF CARRIAGEWAY INTO OBJECT/PARKED VEHICLE,No,Day,Yes,Not at intersection,Serious injury accident,50 km/hr,145.05917,-37.90311,GLEN EIRA,METROPOLITAN SOUTH EAST REGION,1,1,0,1,0,0,0,1,0,0,1,0,0,0,0,0,0,0,0,0,No,0,1,0,1,0,0,Metropolitan Excluding CBD
17/01/2013,12.30.00,No,Collision with a fixed object,RIGHT OFF CARRIAGEWAY INTO OBJECT/PARKED VEHICLE,No,Day,Yes,Not at intersection,Other injury accident,60 km/hr,144.99624,-37.78334,DAREBIN,METROPOLITAN NORTH WEST REGION,1,1,0,0,1,0,1,0,0,0,1,0,0,0,0,0,0,0,0,0,Yes,0,1,0,1,0,0,Metropolitan Excluding CBD
17/01/2013,09.10.00,No,Collision with vehicle,RIGHT THROUGH,No,Day,Yes,Multiple intersection,Other injury accident,70 km/hr,145.02323,-37.72525,DAREBIN,METROPOLITAN NORTH WEST REGION,2,1,0,0,1,1,0,2,0,0,2,0,0,0,0,0,0,0,0,0,No,0,2,0,2,0,0,Metropolitan Excluding CBD
17/01/2013,11.00.00,No,Collision with vehicle,LANE SIDE SWIPE (VEHICLES IN PARALLEL LANES),No,Day,Yes,T intersection,Other injury accident,80 km/hr,144.86079,-37.70606,HUME,METROPOLITAN NORTH WEST REGION,2,1,0,0,1,1,1,0,0,0,2,0,0,0,0,0,0,0,0,0,No,0,2,1,1,0,0,Metropolitan Excluding CBD
17/01/2013,13.36.00,No,Struck Pedestrian,FAR SIDE. PED HIT BY VEHICLE FROM THE LEFT,No,Day,Yes,Cross intersection,Other injury accident,60 km/hr,144.725,-37.58079,HUME,METROPOLITAN NORTH WEST REGION,3,2,0,0,2,1,1,2,0,0,1,2,0,0,0,0,2,0,0,0,No,0,1,0,1,0,0,Small Provincial Cities
17/01/2013,12.50.00,No,Collision with vehicle,VEHICLE COLLIDES WITH VEHICLE PARKED ON LEFT OF ROAD,No,Day,Yes,Not at intersection,Serious injury accident,100 km/hr,145.21113,-37.86698,KNOX,METROPOLITAN SOUTH EAST REGION,2,2,0,1,1,0,2,0,0,0,1,1,0,0,0,0,0,0,0,0,No,0,2,1,1,0,0,Metropolitan Excluding CBD
17/01/2013,13.35.00,No,Collision with vehicle,REAR END(VEHICLES IN SAME LANE),No,Day,Yes,T intersection,Other injury accident,60 km/hr,144.57357,-38.15894,GEELONG,SOUTH WESTERN REGION,4,3,0,0,3,1,3,1,0,1,3,0,0,0,0,0,0,0,0,1,No,0,3,0,3,0,0,Small Provincial Cities
17/01/2013,16.55.00,No,No collision and no object struck,OUT OF CONTROL ON CARRIAGEWAY (ON STRAIGHT),No,Day,Yes,T intersection,Other injury accident,50 km/hr,144.3557,-38.08912,GEELONG,SOUTH WESTERN REGION,1,1,0,0,1,0,1,0,0,0,0,0,0,1,0,0,0,0,0,0,No,0,1,0,0,1,0,Large Provincial Cities
17/01/2013,18.06.00,Yes,Collision with vehicle,CROSS TRAFFIC(INTERSECTIONS ONLY),No,Dark Street lights on,Yes,Cross intersection,Other injury accident,60 km/hr,145.048,-38.21742,MORNINGTON PENINSULA,METROPOLITAN SOUTH EAST REGION,4,1,0,0,1,3,1,3,0,2,2,0,0,0,0,0,0,0,0,1,No,0,2,0,2,0,0,Metropolitan Excluding CBD
17/01/2013,17.38.00,No,Collision with vehicle,RIGHT THROUGH,No,Day,Yes,Cross intersection,Other injury accident,60 km/hr,145.02632,-37.81016,BOROONDARA,METROPOLITAN SOUTH EAST REGION,2,1,0,0,1,1,0,2,0,0,2,0,0,0,0,0,0,0,0,1,No,0,2,0,2,0,0,Metropolitan Excluding CBD
17/01/2013,18.37.00,Yes,Collision with vehicle,LANE CHANGE LEFT (NOT OVERTAKING),No,Day,Yes,Cross intersection,Other injury accident,60 km/hr,144.92706,-37.77306,MOONEE VALLEY,METROPOLITAN NORTH WEST REGION,2,2,0,0,2,0,2,0,1,0,1,0,0,0,0,0,0,0,1,0,No,0,2,0,1,0,0,Metropolitan Excluding CBD
17/01/2013,06.40.00,No,Collision with vehicle,LANE CHANGE LEFT (NOT OVERTAKING),No,Day,No,Not at intersection,Other injury accident,80 km/hr,144.89887,-37.69745,MORELAND,METROPOLITAN NORTH WEST REGION,2,2,0,0,2,0,1,1,0,0,2,0,0,0,0,0,0,0,0,1,No,0,2,1,1,0,0,Metropolitan Excluding CBD
17/01/2013,07.50.00,No,Collision with vehicle,REAR END(VEHICLES IN SAME LANE),No,Day,Yes,Not at intersection,Serious injury accident,60 km/hr,145.07763,-37.90856,GLEN EIRA,METROPOLITAN SOUTH EAST REGION,3,1,0,1,0,2,3,0,0,1,2,0,0,0,0,0,0,0,0,2,No,0,2,0,2,0,0,Metropolitan Excluding CBD
17/01/2013,16.50.00,No,Collision with vehicle,RIGHT THROUGH,No,Day,Yes,T intersection,Other injury accident,80 km/hr,145.27858,-38.08709,CASEY,METROPOLITAN SOUTH EAST REGION,3,2,0,0,2,1,2,1,0,1,2,0,0,0,0,0,0,0,0,1,No,0,2,0,2,0,0,Metropolitan Excluding CBD
17/01/2013,18.10.00,Yes,Collision with vehicle,CROSS TRAFFIC(INTERSECTIONS ONLY),No,Day,Yes,Cross intersection,Other injury accident,50 km/hr,144.98818,-37.81442,MELBOURNE,METROPOLITAN NORTH WEST REGION,2,2,0,0,2,0,0,2,1,0,1,0,0,0,0,0,0,0,0,1,No,0,2,0,1,0,0,Metropolitan Excluding CBD
17/01/2013,19.15.00,Yes,Collision with vehicle,REAR END(VEHICLES IN SAME LANE),No,Dusk/Dawn,Yes,Not at intersection,Serious injury accident,80 km/hr,145.21728,-38.00496,DANDENONG,METROPOLITAN SOUTH EAST REGION,2,1,0,1,0,1,0,2,0,0,2,0,0,0,0,0,0,0,0,1,No,0,2,0,2,0,0,Metropolitan Excluding CBD
17/01/2013,08.40.00,No,Collision with vehicle,LANE CHANGE LEFT (NOT OVERTAKING),No,Day,No,T intersection,Other injury accident,Not known,144.95755,-37.81143,MELBOURNE,METROPOLITAN NORTH WEST REGION,2,1,0,0,1,1,2,0,1,0,1,0,0,0,0,0,0,0,0,0,No,0,2,0,1,0,0,Metropolitan CBD Only
17/01/2013,13.10.00,No,Collision with vehicle,LEAVING PARKING,No,Day,Yes,Not at intersection,Other injury accident,50 km/hr,144.99016,-37.86127,PORT PHILLIP,METROPOLITAN NORTH WEST REGION,2,1,0,0,1,1,1,1,0,0,2,0,0,0,0,0,0,0,0,0,No,0,2,0,2,0,0,Metropolitan Excluding CBD
17/01/2013,23.00.00,Yes,Collision with vehicle,REAR END(VEHICLES IN SAME LANE),No,Dark Street lights unknown,No,T intersection,Other injury accident,60 km/hr,144.79168,-37.78165,BRIMBANK,METROPOLITAN NORTH WEST REGION,2,1,0,0,1,1,2,0,0,0,1,0,0,1,0,0,0,0,0,0,No,1,2,0,1,1,0,Metropolitan Excluding CBD
17/01/2013,11.00.00,No,No collision and no object struck,OUT OF CONTROL ON CARRIAGEWAY (ON STRAIGHT),No,Day,No,Not at intersection,Other injury accident,100 km/hr,146.97928,-37.82446,WELLINGTON,EASTERN REGION,1,1,0,0,1,0,1,0,0,0,0,0,0,1,0,0,0,0,0,0,No,0,1,0,0,1,0,Country
18/01/2013,01.30.00,Yes,Collision with a fixed object,LEFT OFF CARRIAGEWAY INTO OBJECT/PARKED VEHICLE,No,Dark Street lights on,Yes,Not at intersection,Serious injury accident,70 km/hr,145.05393,-37.66255,WHITTLESEA,METROPOLITAN NORTH WEST REGION,1,1,0,1,0,0,1,0,0,0,1,0,0,0,0,0,0,0,0,0,No,0,1,0,1,0,0,Metropolitan Excluding CBD
18/01/2013,03.00.00,Yes,Struck animal,STRUCK ANIMAL,No,Dark No street lights,Yes,Not at intersection,Serious injury accident,100 km/hr,142.56481,-36.94564,NORTHERN GRAMPIANS,WESTERN REGION,1,1,0,1,0,0,1,0,0,0,1,0,0,0,0,0,0,0,0,0,No,0,1,0,1,0,0,Country
18/01/2013,04.00.00,Yes,Vehicle overturned (no collision),OTHER ACCIDENTS-OFF STRAIGHT NOT INCLUDED IN DCAs 170-175,No,Dark Street lights on,Yes,Not at intersection,Serious injury accident,60 km/hr,144.75384,-37.79526,BRIMBANK,METROPOLITAN NORTH WEST REGION,2,2,0,2,0,0,1,0,0,2,0,0,0,0,0,0,0,0,0,0,No,0,1,0,1,0,0,Metropolitan Excluding CBD
18/01/2013,07.50.00,No,Collision with vehicle,LANE CHANGE LEFT (NOT OVERTAKING),No,Day,Yes,T intersection,Other injury accident,80 km/hr,145.33862,-38.05764,CASEY,METROPOLITAN SOUTH EAST REGION,2,1,0,0,1,1,1,1,0,0,2,0,0,0,0,0,0,0,0,0,No,0,2,1,1,0,0,Metropolitan Excluding CBD
18/01/2013,07.56.00,No,Collision with vehicle,HEAD ON (NOT OVERTAKING),No,Day,Yes,Not at intersection,Serious injury accident,90 km/hr,144.64832,-37.68118,MELTON,METROPOLITAN NORTH WEST REGION,3,3,0,1,2,0,3,0,0,0,3,0,0,0,0,0,0,0,0,1,No,0,3,0,3,0,0,Country
18/01/2013,09.25.00,No,Collision with a fixed object,LEFT OFF CARRIAGEWAY INTO OBJECT/PARKED VEHICLE,No,Day,Yes,Not at intersection,Serious injury accident,60 km/hr,145.16308,-37.99338,DANDENONG,METROPOLITAN SOUTH EAST REGION,1,1,0,1,0,0,1,0,0,0,1,0,0,0,0,0,0,0,1,0,No,0,1,0,1,0,0,Metropolitan Excluding CBD
18/01/2013,08.25.00,No,Collision with a fixed object,RIGHT OFF CARRIAGEWAY INTO OBJECT/PARKED VEHICLE,No,Day,Yes,Not at intersection,Serious injury accident,100 km/hr,146.79452,-38.56612,WELLINGTON,EASTERN REGION,2,2,0,2,0,0,1,1,0,1,1,0,0,0,0,0,0,0,0,0,Yes,0,1,0,1,0,0,Country
18/01/2013,12.25.00,No,Collision with vehicle,REAR END(VEHICLES IN SAME LANE),No,Day,Yes,Cross intersection,Serious injury accident,80 km/hr,145.1725,-38.09944,FRANKSTON,METROPOLITAN SOUTH EAST REGION,3,1,0,1,0,2,1,2,0,1,2,0,0,0,0,0,0,0,0,0,No,0,2,0,1,0,0,Metropolitan Excluding CBD
18/01/2013,13.04.00,No,Collision with vehicle,REAR END(VEHICLES IN SAME LANE),No,Day,Yes,Not at intersection,Other injury accident,60 km/hr,144.28476,-36.79094,BENDIGO,NORTHERN REGION,3,2,0,0,2,1,2,1,0,1,2,0,0,0,0,0,0,0,0,0,No,0,2,0,2,0,0,Large Provincial Cities
18/01/2013,10.20.00,No,Collision with vehicle,RIGHT THROUGH,No,Day,Yes,Cross intersection,Other injury accident,60 km/hr,145.34402,-38.03089,CASEY,METROPOLITAN SOUTH EAST REGION,3,1,0,0,1,2,2,1,0,0,2,1,0,0,0,0,0,0,0,0,No,0,2,0,2,0,0,Metropolitan Excluding CBD
18/01/2013,10.35.00,No,Collision with vehicle,VEHICLE STRIKES ANOTHER VEH WHILE EMERGING FROM DRIVEWAY,No,Day,Yes,T intersection,Serious injury accident,60 km/hr,145.23078,-37.8127,MAROONDAH,METROPOLITAN SOUTH EAST REGION,2,2,0,1,1,0,1,1,0,0,2,0,0,0,0,0,0,0,2,0,No,0,2,0,2,0,0,Metropolitan Excluding CBD
18/01/2013,12.20.00,No,Collision with a fixed object,OTHER ACCIDENTS-OFF STRAIGHT NOT INCLUDED IN DCAs 170-175,No,Day,Yes,Not at intersection,Other injury accident,40 km/hr,144.35481,-38.12759,GEELONG,SOUTH WESTERN REGION,2,2,0,0,2,0,0,2,0,0,1,1,0,0,0,0,0,0,0,0,No,0,1,0,1,0,0,Large Provincial Cities
18/01/2013,13.55.00,No,Struck Pedestrian,FAR SIDE. PED HIT BY VEHICLE FROM THE LEFT,No,Day,Yes,Cross intersection,Serious injury accident,60 km/hr,145.01907,-37.85531,STONNINGTON,METROPOLITAN SOUTH EAST REGION,2,1,0,1,0,1,1,1,0,0,1,1,0,0,0,0,0,0,0,0,No,0,1,0,1,0,0,Metropolitan Excluding CBD
18/01/2013,14.05.00,No,Collision with vehicle,RIGHT NEAR (INTERSECTIONS ONLY),No,Day,Yes,T intersection,Serious injury accident,100 km/hr,144.41978,-37.23699,MACEDON RANGES,NORTHERN REGION,3,3,0,1,2,0,3,0,0,1,2,0,0,0,0,0,0,0,0,0,No,0,2,0,2,0,0,Country
18/01/2013,14.25.00,No,Collision with vehicle,RIGHT THROUGH,No,Day,Yes,Cross intersection,Serious injury accident,70 km/hr,144.66568,-37.86842,WYNDHAM,METROPOLITAN NORTH WEST REGION,2,1,0,1,0,1,2,0,0,0,1,0,0,1,0,0,0,0,0,1,No,0,2,0,1,1,0,Metropolitan Excluding CBD
18/01/2013,14.00.00,No,Collision with a fixed object,OFF RIGHT BEND INTO OBJECT/PARKED VEHICLE,No,Day,Yes,Not at intersection,Serious injury accident,100 km/hr,145.28686,-37.17771,MURRINDINDI,NORTH EASTERN REGION,2,1,0,1,0,1,2,0,0,1,1,0,0,0,0,0,0,0,0,1,No,0,1,0,1,0,0,Country
18/01/2013,16.30.00,Yes,Collision with vehicle,VEHICLE STRIKES DOOR OF PARKED/STATIONARY VEHICLE,No,Day,No,T intersection,Other injury accident,40 km/hr,144.97561,-37.83693,PORT PHILLIP,METROPOLITAN NORTH WEST REGION,3,1,0,0,1,2,2,0,1,1,1,0,0,0,0,0,0,0,0,0,No,0,2,0,1,0,0,Metropolitan Excluding CBD
18/01/2013,17.00.00,Yes,Collision with vehicle,REAR END(VEHICLES IN SAME LANE),No,Day,Yes,T intersection,Other injury accident,60 km/hr,144.94035,-37.73855,MORELAND,METROPOLITAN NORTH WEST REGION,6,1,0,0,1,5,5,1,0,2,3,0,0,1,0,0,0,0,0,1,No,0,4,0,3,1,0,Metropolitan Excluding CBD
18/01/2013,17.00.00,Yes,Collision with vehicle,REAR END(VEHICLES IN SAME LANE),No,Day,Yes,Cross intersection,Fatal accident,60 km/hr,145.07861,-37.78097,BOROONDARA,METROPOLITAN SOUTH EAST REGION,8,8,1,2,5,0,5,3,0,3,5,0,0,0,0,0,0,0,1,0,No,0,5,0,5,0,0,Metropolitan Excluding CBD