ACCIDENT_DATE,ACCIDENT_TIME,ALCOHOLTIME,ACCIDENT_TYPE,DCA_CODE,HIT_RUN_FLAG,LIGHT_CONDITION,POLICE_ATTEND,ROAD_GEOMETRY,SEVERITY,SPEED_ZONE,LONGITUDE,LATITUDE,LGA_NAME,REGION_NAME,TOTAL_PERSONS,INJ_OR_FATAL,FATALITY,SERIOUSINJURY,OTHERINJURY,NONINJURED,MALES,FEMALES,BICYCLIST,PASSENGER,DRIVER,PEDESTRIAN,PILLION,MOTORIST,UNKNOWN,PED_CYCLIST_5_12,PED_CYCLIST_13_18,OLD_PEDESTRIAN,OLD_DRIVER,YOUNG_DRIVER,ALCOHOL_RELATED,UNLICENCSED,NO_OF_VEHICLES,HEAVYVEHICLE,PASSENGERVEHICLE,MOTORCYCLE,PUBLICVEHICLE,DEG_URBAN_NAME
27/01/2013,03.00.00,Yes,Struck Pedestrian,PED NEAR SIDE. PED HIT BY VEHICLE FROM THE RIGHT.,No,Dark Street lights on,Yes,Cross intersection,Serious injury accident,50 km/hr,144.36074,-38.14729,GEELONG,SOUTH WESTERN REGION,2,1,0,1,0,1,0,2,0,0,1,1,0,0,0,0,0,0,0,1,No,0,1,0,1,0,0,Large Provincial Cities
27/01/2013,08.00.00,Yes,Collision with a fixed object,OFF LEFT BEND INTO OBJECT/PARKED VEHICLE,No,Day,Yes,Not at intersection,Other injury accident,100 km/hr,144.96126,-37.35048,MITCHELL,NORTHERN REGION,1,1,0,0,1,0,1,0,0,0,1,0,0,0,0,0,0,0,0,0,No,0,1,0,1,0,0,Country
27/01/2013,06.50.00,Yes,Collision with vehicle,REAR END(VEHICLES IN SAME LANE),No,Day,Yes,Cross intersection,Other injury accident,40 km/hr,144.97056,-37.81209,MELBOURNE,METROPOLITAN NORTH WEST REGION,2,1,0,0,1,1,2,0,0,0,2,0,0,0,0,0,0,0,0,1,No,0,2,0,2,0,0,Metropolitan CBD Only
27/01/2013,08.10.00,Yes,Collision with a fixed object,LEFT OFF CARRIAGEWAY INTO OBJECT/PARKED VEHICLE,No,Day,Yes,Not at intersection,Serious injury accident,70 km/hr,145.06335,-37.69132,WHITTLESEA,METROPOLITAN NORTH WEST REGION,1,1,0,1,0,0,1,0,0,0,1,0,0,0,0,0,0,0,0,1,No,0,1,0,1,0,0,Metropolitan Excluding CBD
27/01/2013,09.15.00,Yes,Vehicle overturned (no collision),OUT OF CONTROL ON CARRIAGEWAY (ON BEND),No,Day,Yes,T intersection,Other injury accident,100 km/hr,145.56013,-37.16089,MURRINDINDI,NORTH EASTERN REGION,1,1,0,0,1,0,1,0,0,0,0,0,0,1,0,0,0,0,0,0,No,0,1,0,0,1,0,Country
27/01/2013,09.25.00,Yes,Collision with vehicle,HEAD ON (NOT OVERTAKING),No,Day,Yes,T intersection,Serious injury accident,60 km/hr,144.94288,-37.81284,MELBOURNE,METROPOLITAN NORTH WEST REGION,2,1,0,1,0,1,0,2,0,0,2,0,0,0,0,0,0,0,0,1,No,0,2,0,2,0,0,Metropolitan Excluding CBD
27/01/2013,09.30.00,Yes,Struck Pedestrian,ANY MANOEUVRE INVOLVING PED NOT INCLUDED IN DCAs 100-108.,No,Day,Yes,Not at intersection,Other injury accident,50 km/hr,144.95852,-37.80872,MELBOURNE,METROPOLITAN NORTH WEST REGION,2,1,0,0,1,1,1,1,0,0,1,1,0,0,0,0,0,0,0,0,No,0,2,0,2,0,0,Metropolitan Excluding CBD
27/01/2013,15.31.00,No,No collision and no object struck,OUT OF CONTROL ON CARRIAGEWAY (ON STRAIGHT),No,Day,Yes,Not at intersection,Serious injury accident,80 km/hr,146.90627,-36.69047,ALPINE,NORTH EASTERN REGION,1,1,0,1,0,0,1,0,1,0,0,0,0,0,0,0,0,0,0,0,No,0,1,0,0,0,0,Small Towns
27/01/2013,15.35.00,No,Collision with vehicle,CROSS TRAFFIC(INTERSECTIONS ONLY),No,Day,Yes,Cross intersection,Other injury accident,50 km/hr,145.16101,-37.93878,DANDENONG,METROPOLITAN SOUTH EAST REGION,2,2,0,0,2,0,2,0,0,0,2,0,0,0,0,0,0,0,0,0,No,0,2,0,2,0,0,Metropolitan Excluding CBD
27/01/2013,14.30.00,No,Collision with a fixed object,LEFT OFF CARRIAGEWAY INTO OBJECT/PARKED VEHICLE,No,Day,Yes,T intersection,Other injury accident,90 km/hr,145.13652,-38.21794,MORNINGTON PENINSULA,METROPOLITAN SOUTH EAST REGION,1,1,0,0,1,0,1,0,0,0,1,0,0,0,0,0,0,0,0,0,No,1,1,0,1,0,0,Country
27/01/2013,13.40.00,No,Collision with vehicle,LEFT TURN SIDESWIPE,No,Day,No,Cross intersection,Other injury accident,50 km/hr,144.95736,-37.79969,MELBOURNE,METROPOLITAN NORTH WEST REGION,2,1,0,0,1,1,2,0,0,0,1,0,0,1,0,0,0,0,0,0,No,0,2,0,1,1,0,Metropolitan Excluding CBD
27/01/2013,19.25.00,Yes,Collision with vehicle,CROSS TRAFFIC(INTERSECTIONS ONLY),No,Day,Yes,Cross intersection,Other injury accident,50 km/hr,144.99016,-37.78746,YARRA,METROPOLITAN NORTH WEST REGION,2,1,0,0,1,1,2,0,1,0,1,0,0,0,0,0,0,0,0,0,No,0,2,0,1,0,0,Metropolitan Excluding CBD
27/01/2013,15.16.00,No,Collision with a fixed object,OFF END OF ROAD/T-INTERSECTION.,No,Day,Yes,T intersection,Other injury accident,50 km/hr,145.07652,-37.81365,BOROONDARA,METROPOLITAN SOUTH EAST REGION,1,1,0,0,1,0,0,1,0,0,1,0,0,0,0,0,0,0,1,0,No,0,1,0,1,0,0,Metropolitan Excluding CBD
27/01/2013,15.00.00,No,Collision with vehicle,REAR END(VEHICLES IN SAME LANE),No,Day,No,T intersection,Other injury accident,Not known,145.09207,-37.9004,MONASH,METROPOLITAN SOUTH EAST REGION,2,1,0,0,1,1,1,1,0,0,2,0,0,0,0,0,0,0,0,2,No,0,2,0,2,0,0,Metropolitan Excluding CBD
27/01/2013,21.25.00,Yes,Collision with a fixed object,RIGHT OFF CARRIAGEWAY INTO OBJECT/PARKED VEHICLE,No,Dark Street lights on,Yes,Not at intersection,Serious injury accident,60 km/hr,145.00996,-37.81146,YARRA,METROPOLITAN NORTH WEST REGION,1,1,0,1,0,0,1,0,0,0,1,0,0,0,0,0,0,0,0,0,No,1,1,0,1,0,0,Metropolitan Excluding CBD
27/01/2013,21.15.00,Yes,Collision with vehicle,RIGHT REAR.,No,Dark Street lights on,Yes,T intersection,Serious injury accident,60 km/hr,144.83362,-37.79629,BRIMBANK,METROPOLITAN NORTH WEST REGION,2,2,0,1,1,0,0,2,0,0,2,0,0,0,0,0,0,0,0,0,Yes,0,2,0,2,0,0,Metropolitan Excluding CBD
27/01/2013,23.39.00,Yes,Collision with vehicle,HEAD ON(OVERTAKING),No,Dark No street lights,Yes,Not at intersection,Other injury accident,80 km/hr,145.32305,-38.13945,CASEY,METROPOLITAN SOUTH EAST REGION,6,1,0,0,1,5,4,2,0,3,3,0,0,0,0,0,0,0,0,1,No,0,3,0,3,0,0,Small Towns
27/01/2013,19.30.00,Yes,Struck animal,STRUCK ANIMAL,No,Dusk/Dawn,No,Not at intersection,Other injury accident,100 km/hr,146.05806,-37.37111,MURRINDINDI,NORTH EASTERN REGION,1,1,0,0,1,0,1,0,0,0,0,0,0,1,0,0,0,0,0,0,No,0,1,0,0,1,0,Country
27/01/2013,22.15.00,Yes,Collision with vehicle,PARKED CAR RUN AWAY,No,Dark Street lights on,No,Not at intersection,Other injury accident,50 km/hr,144.28626,-36.75933,BENDIGO,NORTHERN REGION,1,1,0,0,1,0,0,1,0,0,1,0,0,0,0,0,0,0,0,0,No,0,2,0,2,0,0,Large Provincial Cities
27/01/2013,12.00.00,No,Collision with vehicle,VEHICLE STRIKES DOOR OF PARKED/STATIONARY VEHICLE,No,Day,No,Not at intersection,Serious injury accident,40 km/hr,144.99502,-37.84248,STONNINGTON,METROPOLITAN SOUTH EAST REGION,2,1,0,1,0,1,1,1,1,0,1,0,0,0,0,0,0,0,0,0,No,0,2,0,1,0,0,Metropolitan Excluding CBD
27/01/2013,22.20.00,Yes,Collision with vehicle,REAR END(VEHICLES IN SAME LANE),No,Dark No street lights,Yes,Not at intersection,Other injury accident,110 km/hr,146.71311,-36.08903,WODONGA,NORTH EASTERN REGION,3,3,0,0,3,0,2,1,0,1,2,0,0,0,0,0,0,0,0,1,No,0,2,0,2,0,0,Country
27/01/2013,17.00.00,Yes,Collision with vehicle,REAR END(VEHICLES IN SAME LANE),No,Day,No,Not at intersection,Other injury accident,40 km/hr,144.96218,-37.7667,MORELAND,METROPOLITAN NORTH WEST REGION,2,1,0,0,1,1,2,0,1,0,1,0,0,0,0,0,0,0,0,0,No,0,2,0,1,0,0,Metropolitan Excluding CBD
27/01/2013,18.00.00,Yes,Collision with vehicle,HEAD ON (NOT OVERTAKING),No,Day,Yes,Not at intersection,Serious injury accident,100 km/hr,147.10625,-37.80333,WELLINGTON,EASTERN REGION,3,1,0,1,0,2,3,0,0,1,1,0,0,1,0,0,0,0,0,0,No,0,2,0,1,1,0,Country
27/01/2013,02.20.00,Yes,Collision with a fixed object,RIGHT OFF CARRIAGEWAY INTO OBJECT/PARKED VEHICLE,Yes,Dark Street lights on,No,T intersection,Other injury accident,Not known,144.98905,-37.82341,MELBOURNE,METROPOLITAN NORTH WEST REGION,3,1,0,0,1,2,1,2,0,1,2,0,0,0,0,0,0,0,0,1,No,0,2,0,2,0,0,Metropolitan Excluding CBD
27/01/2013,15.55.00,No,No collision and no object struck,OFF CARRIAGEWAY ON LEFT BEND,No,Day,Yes,Not at intersection,Other injury accident,100 km/hr,147.09341,-36.71734,ALPINE,NORTH EASTERN REGION,1,1,0,0,1,0,1,0,0,0,0,0,0,1,0,0,0,0,0,0,No,0,1,0,0,1,0,Country
27/01/2013,20.00.00,Yes,No collision and no object struck,OUT OF CONTROL ON CARRIAGEWAY (ON STRAIGHT),No,Dusk/Dawn,No,T intersection,Serious injury accident,60 km/hr,144.99392,-37.79459,YARRA,METROPOLITAN NORTH WEST REGION,1,1,0,1,0,0,1,0,0,0,0,0,0,1,0,0,0,0,0,0,No,0,1,0,0,1,0,Metropolitan Excluding CBD
27/01/2013,08.20.00,Yes,No collision and no object struck,OUT OF CONTROL ON CARRIAGEWAY (ON STRAIGHT),No,Day,No,Cross intersection,Serious injury accident,60 km/hr,143.85543,-37.55737,BALLARAT,WESTERN REGION,1,1,0,1,0,0,1,0,0,0,0,0,0,1,0,0,0,0,0,0,No,0,1,0,0,1,0,Large Provincial Cities
27/01/2013,22.00.00,Yes,Collision with vehicle,VEHICLE STRIKES ANOTHER VEH WHILE EMERGING FROM DRIVEWAY,No,Dark Street lights on,No,Not at intersection,Other injury accident,60 km/hr,144.93246,-37.78837,MELBOURNE,METROPOLITAN NORTH WEST REGION,2,1,0,0,1,1,2,0,0,0,2,0,0,0,0,0,0,0,0,1,No,0,2,0,2,0,0,Metropolitan Excluding CBD
27/01/2013,11.15.00,No,Collision with vehicle,LANE SIDE SWIPE (VEHICLES IN PARALLEL LANES),No,Day,No,Not at intersection,Other injury accident,80 km/hr,144.02548,-38.48059,SURF COAST,SOUTH WESTERN REGION,2,1,0,0,1,1,2,0,1,0,1,0,0,0,0,0,0,0,0,0,No,0,2,0,1,0,0,Country
27/01/2013,11.00.00,No,No collision and no object struck,OFF CARRIAGEWAY ON RIGHT BEND,No,Day,No,Not at intersection,Other injury accident,80 km/hr,145.84602,-37.3043,MURRINDINDI,NORTH EASTERN REGION,1,1,0,0,1,0,1,0,0,0,0,0,0,1,0,0,0,0,0,0,No,0,1,0,0,1,0,Country
27/01/2013,14.45.00,No,Collision with vehicle,REVERSING INTO FIXED OBJECT/PARKED VEHICLE,No,Day,No,Not at intersection,Other injury accident,50 km/hr,144.92605,-37.74326,MOONEE VALLEY,METROPOLITAN NORTH WEST REGION,1,1,0,0,1,0,1,0,0,0,1,0,0,0,0,0,0,0,0,0,No,0,2,0,2,0,0,Metropolitan Excluding CBD
27/01/2013,10.30.00,No,Vehicle overturned (no collision),OUT OF CONTROL ON CARRIAGEWAY (ON BEND),No,Day,No,T intersection,Serious injury accident,60 km/hr,145.37322,-37.87793,YARRA RANGES,METROPOLITAN SOUTH EAST REGION,1,1,0,1,0,0,1,0,1,0,0,0,0,0,0,0,0,0,0,0,No,0,1,0,0,0,0,Metropolitan Excluding CBD
27/01/2013,12.30.00,No,No collision and no object struck,OUT OF CONTROL ON CARRIAGEWAY (ON BEND),No,Day,No,Not at intersection,Serious injury accident,60 km/hr,145.70944,-37.75095,YARRA RANGES,METROPOLITAN SOUTH EAST REGION,1,1,0,1,0,0,0,1,0,0,0,0,0,1,0,0,0,0,0,0,No,0,1,0,0,1,0,Other Towns
27/01/2013,21.00.00,Yes,Collision with vehicle,RIGHT NEAR (INTERSECTIONS ONLY),Yes,Dark Street lights on,No,T intersection,Other injury accident,50 km/hr,146.96547,-36.72726,ALPINE,NORTH EASTERN REGION,2,1,0,0,1,1,1,0,1,0,0,0,0,0,1,0,0,0,0,0,No,0,2,0,0,0,0,Other Towns
27/01/2013,10.30.00,No,No collision and no object struck,OUT OF CONTROL ON CARRIAGEWAY (ON BEND),No,Day,No,Not at intersection,Other injury accident,Not known,146.22328,-37.24874,MANSFIELD,NORTH EASTERN REGION,1,1,0,0,1,0,1,0,0,0,0,0,0,1,0,0,0,0,0,0,No,0,1,0,0,1,0,Country
27/01/2013,13.00.00,No,Vehicle overturned (no collision),OUT OF CONTROL ON CARRIAGEWAY (ON BEND),No,Day,No,Not at intersection,Other injury accident,Not known,145.24695,-37.54276,NILLUMBIK,METROPOLITAN NORTH WEST REGION,1,1,0,0,1,0,1,0,0,0,0,0,0,1,0,0,0,0,0,0,No,0,1,0,0,1,0,Country
28/01/2013,00.20.00,Yes,Collision with a fixed object,LEFT OFF CARRIAGEWAY INTO OBJECT/PARKED VEHICLE,Yes,Dark Street lights on,Yes,Cross intersection,Serious injury accident,50 km/hr,144.65601,-37.83834,WYNDHAM,METROPOLITAN NORTH WEST REGION,1,1,0,1,0,0,1,0,0,0,1,0,0,0,0,0,0,0,0,0,No,0,2,0,2,0,0,Metropolitan Excluding CBD
28/01/2013,04.37.00,Yes,Collision with vehicle,VEHICLE STRIKES ANOTHER VEH WHILE EMERGING FROM DRIVEWAY,No,Dark Street lights on,Yes,T intersection,Other injury accident,50 km/hr,144.93847,-37.70628,MORELAND,METROPOLITAN NORTH WEST REGION,3,2,0,0,2,1,1,1,0,1,2,0,0,0,0,0,0,0,0,1,Yes,0,2,0,2,0,0,Metropolitan Excluding CBD
28/01/2013,07.52.00,No,Collision with vehicle,REAR END(VEHICLES IN SAME LANE),No,Day,No,T intersection,Other injury accident,Not known,144.8888,-37.71338,MOONEE VALLEY,METROPOLITAN NORTH WEST REGION,2,1,0,0,1,1,0,2,0,0,2,0,0,0,0,0,0,0,0,0,No,0,2,0,2,0,0,Metropolitan Excluding CBD
28/01/2013,07.30.00,No,collision with some other object,STRUCK OBJECT ON CARRIAGEWAY,No,Day,Yes,Cross intersection,Serious injury accident,50 km/hr,145.0493,-37.81033,BOROONDARA,METROPOLITAN SOUTH EAST REGION,1,1,0,1,0,0,1,0,0,0,1,0,0,0,0,0,0,0,0,1,Yes,0,1,0,1,0,0,Metropolitan Excluding CBD
28/01/2013,09.10.00,No,Collision with vehicle,RIGHT THROUGH,No,Day,Yes,T intersection,Other injury accident,60 km/hr,144.29043,-36.77353,BENDIGO,NORTHERN REGION,2,2,0,0,2,0,2,0,0,0,2,0,0,0,0,0,0,0,0,2,No,0,2,0,2,0,0,Large Provincial Cities
28/01/2013,07.35.00,No,Collision with vehicle,RIGHT THROUGH,No,Day,Yes,Cross intersection,Serious injury accident,50 km/hr,144.76481,-36.12888,CAMPASPE,NORTHERN REGION,2,1,0,1,0,1,2,0,1,0,1,0,0,0,0,0,0,0,0,0,No,0,2,0,1,0,0,Small Provincial Cities
28/01/2013,09.40.00,No,No collision and no object struck,OFF CARRIAGEWAY TO RIGHT,No,Day,Yes,T intersection,Serious injury accident,60 km/hr,145.30704,-37.56707,NILLUMBIK,METROPOLITAN NORTH WEST REGION,1,1,0,1,0,0,1,0,0,0,0,0,0,1,0,0,0,0,0,0,No,0,1,0,0,1,0,Country
28/01/2013,08.40.00,No,Collision with vehicle,HEAD ON (NOT OVERTAKING),No,Day,Yes,Not at intersection,Serious injury accident,60 km/hr,145.32348,-37.55963,NILLUMBIK,METROPOLITAN NORTH WEST REGION,2,1,0,1,0,1,2,0,1,0,1,0,0,0,0,0,0,0,0,0,No,0,2,0,0,0,0,Country
28/01/2013,11.27.00,No,Struck Pedestrian,PED WALKING WITH TRAFFIC,No,Day,Yes,T intersection,Serious injury accident,60 km/hr,145.05123,-38.21329,MORNINGTON PENINSULA,METROPOLITAN SOUTH EAST REGION,2,2,0,1,1,0,2,0,0,0,0,1,0,1,0,0,1,0,0,0,No,0,1,0,0,1,0,Metropolitan Excluding CBD
28/01/2013,10.40.00,No,Collision with vehicle,REAR END(VEHICLES IN SAME LANE),No,Day,Yes,Cross intersection,Other injury accident,60 km/hr,144.92683,-37.68613,HUME,METROPOLITAN NORTH WEST REGION,4,1,0,0,1,3,1,3,0,2,2,0,0,0,0,0,0,0,0,0,No,0,2,0,2,0,0,Metropolitan Excluding CBD
28/01/2013,12.27.00,No,Collision with vehicle,RIGHT THROUGH,No,Day,Yes,Cross intersection,Other injury accident,40 km/hr,144.98821,-37.79405,YARRA,METROPOLITAN NORTH WEST REGION,2,1,0,0,1,1,1,1,1,0,1,0,0,0,0,0,0,0,0,1,No,0,2,0,1,0,0,Metropolitan Excluding CBD
28/01/2013,13.15.00,No,No collision and no object struck,OUT OF CONTROL ON CARRIAGEWAY (ON BEND),No,Day,Yes,Not at intersection,Serious injury accident,80 km/hr,144.60558,-37.34814,MACEDON RANGES,NORTHERN REGION,1,1,0,1,0,0,1,0,0,0,0,0,0,1,0,0,0,0,0,0,No,0,1,0,0,1,0,Country
28/01/2013,11.22.00,No,Collision with vehicle,REAR END(VEHICLES IN SAME LANE),No,Day,Yes,Not at intersection,Other injury accident,80 km/hr,144.82545,-37.71023,BRIMBANK,METROPOLITAN NORTH WEST REGION,2,1,0,0,1,1,2,0,0,0,2,0,0,0,0,0,0,0,0,1,No,0,2,0,2,0,0,Metropolitan Excluding CBD
28/01/2013,14.15.00,No,No collision and no object struck,OUT OF CONTROL ON CARRIAGEWAY (ON STRAIGHT),No,Day,Yes,Not at intersection,Serious injury accident,100 km/hr,145.80181,-38.06474,BAW BAW,EASTERN REGION,1,1,0,1,0,0,1,0,0,0,0,0,0,1,0,0,0,0,0,0,No,0,1,0,0,1,0,Country
28/01/2013,14.00.00,No,Collision with vehicle,RIGHT THROUGH,No,Day,Yes,T intersection,Other injury accident,60 km/hr,145.19898,-37.98974,DANDENONG,METROPOLITAN SOUTH EAST REGION,3,1,0,0,1,2,3,0,0,1,2,0,0,0,0,0,0,0,0,0,No,0,2,0,2,0,0,Metropolitan Excluding CBD
28/01/2013,17.30.00,No,Collision with vehicle,LANE CHANGE RIGHT (NOT OVERTAKING),No,Day,Yes,T intersection,Serious injury accident,80 km/hr,145.08151,-37.65551,WHITTLESEA,METROPOLITAN NORTH WEST REGION,2,1,0,1,0,1,2,0,0,0,1,0,0,1,0,0,0,0,1,0,No,0,2,0,1,1,0,Metropolitan Excluding CBD
28/01/2013,18.30.00,Yes,Collision with vehicle,REAR END(VEHICLES IN SAME LANE),No,Day,Yes,T intersection,Serious injury accident,80 km/hr,145.18618,-37.92207,MONASH,METROPOLITAN SOUTH EAST REGION,2,1,0,1,0,1,1,1,0,0,2,0,0,0,0,0,0,0,0,0,No,0,2,0,2,0,0,Metropolitan Excluding CBD
28/01/2013,19.00.00,Yes,Collision with vehicle,REAR END(VEHICLES IN SAME LANE),No,Dusk/Dawn,Yes,Not at intersection,Other injury accident,100 km/hr,144.51652,-37.99076,GEELONG,SOUTH WESTERN REGION,5,2,0,0,2,3,4,1,0,2,3,0,0,0,0,0,0,0,0,1,No,0,3,0,3,0,0,Country
28/01/2013,20.55.00,Yes,No collision and no object struck,OUT OF CONTROL ON CARRIAGEWAY (ON STRAIGHT),No,Dark Street lights on,Yes,Cross intersection,Serious injury accident,60 km/hr,144.77836,-37.86551,HOBSONS BAY,METROPOLITAN NORTH WEST REGION,1,1,0,1,0,0,1,0,0,0,0,0,0,1,0,0,0,0,0,0,No,0,1,0,0,1,0,Metropolitan Excluding CBD
28/01/2013,15.45.00,No,Collision with vehicle,VEHICLE COLLIDES WITH VEHICLE PARKED ON LEFT OF ROAD,Yes,Day,Yes,Not at intersection,Other injury accident,50 km/hr,145.11768,-37.8892,MONASH,METROPOLITAN SOUTH EAST REGION,4,1,0,0,1,3,3,1,0,3,1,0,0,0,0,0,0,0,0,0,No,0,2,0,2,0,0,Metropolitan Excluding CBD
28/01/2013,21.52.00,Yes,Vehicle overturned (no collision),OUT OF CONTROL ON CARRIAGEWAY (ON BEND),No,Dark Street lights on,Yes,Not at intersection,Other injury accident,50 km/hr,145.27857,-38.04549,CASEY,METROPOLITAN SOUTH EAST REGION,5,3,0,0,3,2,2,3,0,4,1,0,0,0,0,0,0,0,0,1,No,0,1,0,1,0,0,Metropolitan Excluding CBD
28/01/2013,19.00.00,Yes,No collision and no object struck,OFF CARRIAGEWAY ON RIGHT BEND,No,Dusk/Dawn,Yes,Not at intersection,Serious injury accident,100 km/hr,145.4191,-37.48317,MURRINDINDI,NORTH EASTERN REGION,2,1,0,1,0,1,2,0,0,0,1,0,0,1,0,0,0,0,0,0,No,0,2,0,1,1,0,Country
28/01/2013,18.40.00,Yes,Collision with vehicle,CROSS TRAFFIC(INTERSECTIONS ONLY),No,Day,No,Cross intersection,Other injury accident,50 km/hr,144.18895,-38.40519,SURF COAST,SOUTH WESTERN REGION,2,1,0,0,1,1,1,1,1,0,1,0,0,0,0,0,0,0,0,0,No,0,2,0,1,0,0,Other Towns
28/01/2013,13.30.00,No,No collision and no object struck,OUT OF CONTROL ON CARRIAGEWAY (ON BEND),No,Day,No,Not at intersection,Serious injury accident,80 km/hr,145.65486,-37.94627,CARDINIA,METROPOLITAN SOUTH EAST REGION,1,1,0,1,0,0,1,0,0,0,0,0,0,1,0,0,0,0,0,0,No,0,1,0,0,1,0,Country
28/01/2013,19.40.00,Yes,Collision with a fixed object,RIGHT OFF CARRIAGEWAY INTO OBJECT/PARKED VEHICLE,No,Dusk/Dawn,Yes,Cross intersection,Serious injury accident,50 km/hr,145.25326,-37.85715,KNOX,METROPOLITAN SOUTH EAST REGION,1,1,0,1,0,0,1,0,0,0,1,0,0,0,0,0,0,0,0,0,Yes,0,1,0,1,0,0,Metropolitan Excluding CBD
28/01/2013,14.30.00,No,Collision with a fixed object,OFF RIGHT BEND INTO OBJECT/PARKED VEHICLE,No,Day,Yes,Not at intersection,Serious injury accident,100 km/hr,145.78475,-37.87779,YARRA RANGES,EASTERN REGION,1,1,0,1,0,0,1,0,0,0,0,0,0,1,0,0,0,0,0,0,No,0,1,0,0,1,0,Country
28/01/2013,13.50.00,No,Struck Pedestrian,PED ON FOOTHPATH STRUCK BY VEHENTERING/LEAVING DRIVEWAY.,No,Day,No,Not at intersection,Serious injury accident,50 km/hr,145.03266,-37.87879,GLEN EIRA,METROPOLITAN SOUTH EAST REGION,2,1,0,1,0,1,1,1,0,0,1,1,0,0,0,0,0,0,0,1,No,0,1,0,1,0,0,Metropolitan Excluding CBD
28/01/2013,18.00.00,Yes,Collision with vehicle,HEAD ON (NOT OVERTAKING),No,Day,Yes,Not at intersection,Serious injury accident,100 km/hr,146.19169,-37.8311,BAW BAW,EASTERN REGION,2,1,0,1,0,1,1,1,0,0,1,0,0,1,0,0,0,0,0,0,No,0,2,0,1,1,0,Country
28/01/2013,15.50.00,No,Collision with vehicle,U TURN,No,Day,Yes,T intersection,Other injury accident,60 km/hr,144.71532,-37.57278,HUME,METROPOLITAN NORTH WEST REGION,4,2,0,0,2,2,3,1,0,2,2,0,0,0,0,0,0,0,0,2,No,0,2,0,2,0,0,Small Provincial Cities
28/01/2013,15.50.00,No,Collision with vehicle,REAR END(VEHICLES IN SAME LANE),Yes,Day,Yes,Not at intersection,Serious injury accident,60 km/hr,145.01082,-37.85851,STONNINGTON,METROPOLITAN SOUTH EAST REGION,4,1,0,1,0,3,3,1,0,2,2,0,0,0,0,0,0,0,0,0,No,0,2,0,2,0,0,Metropolitan Excluding CBD
28/01/2013,14.30.00,No,Collision with vehicle,U TURN,No,Day,Yes,Not at intersection,Other injury accident,100 km/hr,145.41778,-37.70007,YARRA RANGES,METROPOLITAN SOUTH EAST REGION,3,2,0,0,2,1,1,2,0,1,2,0,0,0,0,0,0,0,0,2,No,0,2,0,2,0,0,Country
28/01/2013,14.20.00,No,Collision with vehicle,HEAD ON (NOT OVERTAKING),No,Day,Yes,Not at intersection,Other injury accident,80 km/hr,145.5591,-37.69675,YARRA RANGES,METROPOLITAN SOUTH EAST REGION,3,1,0,0,1,2,2,1,0,1,1,0,0,1,0,0,0,0,0,0,No,0,2,0,1,1,0,Country
28/01/2013,15.30.00,No,Vehicle overturned (no collision),OUT OF CONTROL ON CARRIAGEWAY (ON STRAIGHT),No,Day,No,Not at intersection,Serious injury accident,Not known,145.73651,-37.7543,YARRA RANGES,METROPOLITAN SOUTH EAST REGION,1,1,0,1,0,0,1,0,0,0,0,0,0,1,0,0,0,0,0,0,No,0,1,0,0,1,0,Small Towns
28/01/2013,19.00.00,Yes,No collision and no object struck,OFF CARRIAGEWAY TO RIGHT,No,Day,Yes,Not at intersection,Other injury accident,60 km/hr,145.3221,-37.99608,CASEY,METROPOLITAN SOUTH EAST REGION,1,1,0,0,1,0,1,0,0,0,1,0,0,0,0,0,0,0,0,0,No,0,1,0,1,0,0,Metropolitan Excluding CBD
28/01/2013,15.00.00,No,Collision with a fixed object,OFF END OF ROAD/T-INTERSECTION.,No,Day,No,T intersection,Serious injury accident,60 km/hr,144.43498,-37.60917,MOORABOOL,WESTERN REGION,1,1,0,1,0,0,1,0,0,0,0,0,0,1,0,0,0,0,0,0,No,0,1,0,0,1,0,Country
28/01/2013,12.20.00,No,Collision with vehicle,RIGHT THROUGH,No,Day,Yes,T intersection,Other injury accident,80 km/hr,145.11641,-38.36336,MORNINGTON PENINSULA,METROPOLITAN SOUTH EAST REGION,5,1,0,0,1,4,2,2,0,3,2,0,0,0,0,0,0,0,0,0,No,0,2,0,2,0,0,Other Towns
28/01/2013,23.30.00,Yes,Collision with a fixed object,RIGHT OFF CARRIAGEWAY INTO OBJECT/PARKED VEHICLE,No,Dark Street lights on,No,Not at intersection,Other injury accident,80 km/hr,144.87137,-37.71869,BRIMBANK,METROPOLITAN NORTH WEST REGION,2,1,0,0,1,1,1,1,0,1,1,0,0,0,0,0,0,0,0,1,No,0,1,0,1,0,0,Metropolitan Excluding CBD
28/01/2013,11.00.00,No,Struck Pedestrian,PED PLAYING/LYING/WORKING/STANDING ON CARRIAGEWAY.,Yes,Day,No,Not at intersection,Other injury accident,50 km/hr,144.77288,-37.88269,HOBSONS BAY,METROPOLITAN NORTH WEST REGION,2,2,0,0,2,0,1,1,0,0,1,1,0,0,0,0,0,0,0,0,No,0,1,0,1,0,0,Metropolitan Excluding CBD