ACCIDENT_DATE,ACCIDENT_TIME,ALCOHOLTIME,ACCIDENT_TYPE,DCA_CODE,HIT_RUN_FLAG,LIGHT_CONDITION,POLICE_ATTEND,ROAD_GEOMETRY,SEVERITY,SPEED_ZONE,LONGITUDE,LATITUDE,LGA_NAME,REGION_NAME,TOTAL_PERSONS,INJ_OR_FATAL,FATALITY,SERIOUSINJURY,OTHERINJURY,NONINJURED,MALES,FEMALES,BICYCLIST,PASSENGER,DRIVER,PEDESTRIAN,PILLION,MOTORIST,UNKNOWN,PED_CYCLIST_5_12,PED_CYCLIST_13_18,OLD_PEDESTRIAN,OLD_DRIVER,YOUNG_DRIVER,ALCOHOL_RELATED,UNLICENCSED,NO_OF_VEHICLES,HEAVYVEHICLE,PASSENGERVEHICLE,MOTORCYCLE,PUBLICVEHICLE,DEG_URBAN_NAME
13/02/2013,13.00.00,No,Struck Pedestrian,PED NEAR SIDE. PED HIT BY VEHICLE FROM THE RIGHT.,No,Day,No,T intersection,Serious injury accident,50 km/hr,145.04656,-37.74347,BANYULE,METROPOLITAN NORTH WEST REGION,2,1,0,1,0,1,0,2,0,0,1,1,0,0,0,0,0,0,0,1,No,0,1,0,1,0,0,Metropolitan Excluding CBD
13/02/2013,16.30.00,No,Struck Pedestrian,PED EMERGES FROM IN FRONT OF PARKED OR STATIONARY VEHICLE,No,Day,Yes,T intersection,Other injury accident,50 km/hr,144.98316,-37.81272,MELBOURNE,METROPOLITAN NORTH WEST REGION,2,1,0,0,1,1,1,1,0,0,0,1,0,1,0,0,0,1,0,0,No,0,1,0,0,1,0,Metropolitan Excluding CBD
13/02/2013,15.30.00,No,Collision with a fixed object,OFF RIGHT BEND INTO OBJECT/PARKED VEHICLE,No,Day,Yes,Not at intersection,Serious injury accident,50 km/hr,145.27112,-38.03186,CASEY,METROPOLITAN SOUTH EAST REGION,1,1,0,1,0,0,1,0,0,0,1,0,0,0,0,0,0,0,0,0,No,0,1,0,1,0,0,Metropolitan Excluding CBD
13/02/2013,20.00.00,Yes,Collision with vehicle,RIGHT TURN SIDESWIPE,No,Day,No,Cross intersection,Other injury accident,40 km/hr,144.96407,-37.81622,MELBOURNE,METROPOLITAN NORTH WEST REGION,2,1,0,0,1,1,2,0,1,0,1,0,0,0,0,0,0,0,0,0,No,0,2,0,1,0,0,Metropolitan CBD Only
13/02/2013,18.50.00,Yes,No collision and no object struck,OUT OF CONTROL ON CARRIAGEWAY (ON STRAIGHT),No,Day,Yes,Not at intersection,Serious injury accident,100 km/hr,144.80807,-37.83366,WYNDHAM,METROPOLITAN NORTH WEST REGION,1,1,0,1,0,0,0,1,0,0,0,0,0,1,0,0,0,0,0,0,No,0,1,0,0,1,0,Metropolitan Excluding CBD
13/02/2013,17.00.00,No,No collision and no object struck,OTHER ACCIDENTS NOT CLASSIFIABLE ELSEWHERE,No,Day,Yes,Not at intersection,Other injury accident,100 km/hr,144.9699,-37.69094,HUME,METROPOLITAN NORTH WEST REGION,2,1,0,0,1,1,1,1,0,0,0,0,1,1,0,0,0,0,0,0,No,0,1,0,0,1,0,Metropolitan Excluding CBD
13/02/2013,19.35.00,Yes,Collision with vehicle,RIGHT THROUGH,Yes,Dusk/Dawn,Yes,T intersection,Other injury accident,60 km/hr,145.06204,-37.66868,WHITTLESEA,METROPOLITAN NORTH WEST REGION,6,4,0,0,4,2,1,3,0,4,2,0,0,0,0,0,0,0,0,0,No,0,2,0,2,0,0,Metropolitan Excluding CBD
13/02/2013,01.30.00,Yes,Collision with a fixed object,OFF RIGHT BEND INTO OBJECT/PARKED VEHICLE,No,Dark Street lights on,Yes,T intersection,Other injury accident,60 km/hr,145.16819,-37.77494,MANNINGHAM,METROPOLITAN SOUTH EAST REGION,1,1,0,0,1,0,0,1,0,0,1,0,0,0,0,0,0,0,0,0,No,0,1,0,1,0,0,Metropolitan Excluding CBD
13/02/2013,16.20.00,No,Collision with vehicle,RIGHT REAR.,No,Day,Yes,T intersection,Serious injury accident,60 km/hr,145.09694,-37.843,BOROONDARA,METROPOLITAN SOUTH EAST REGION,3,2,0,1,1,1,2,1,0,1,2,0,0,0,0,0,0,0,0,1,No,0,2,0,2,0,0,Metropolitan Excluding CBD
13/02/2013,22.33.00,Yes,Vehicle overturned (no collision),OFF CARRIAGEWAY ON RIGHT BEND,No,Dark Street lights on,Yes,T intersection,Serious injury accident,60 km/hr,144.12258,-35.63422,GANNAWARRA,NORTHERN REGION,4,4,0,1,3,0,0,4,0,3,1,0,0,0,0,0,0,0,0,0,No,0,1,0,1,0,0,Other Towns
13/02/2013,16.30.00,No,Collision with vehicle,REAR END(VEHICLES IN SAME LANE),No,Day,Yes,T intersection,Other injury accident,60 km/hr,144.807,-37.75974,BRIMBANK,METROPOLITAN NORTH WEST REGION,3,1,0,0,1,2,2,1,0,1,2,0,0,0,0,0,0,0,0,1,No,0,2,0,2,0,0,Metropolitan Excluding CBD
13/02/2013,23.00.00,Yes,collision with some other object,STRUCK OBJECT ON CARRIAGEWAY,No,Dark Street lights on,No,Not at intersection,Serious injury accident,60 km/hr,146.84998,-36.11704,WODONGA,NORTH EASTERN REGION,1,1,0,1,0,0,1,0,0,0,0,0,0,1,0,0,0,0,0,0,No,0,1,0,0,1,0,Small Provincial Cities
13/02/2013,19.11.00,Yes,Collision with vehicle,LANE CHANGE LEFT (NOT OVERTAKING),No,Day,Yes,Not at intersection,Other injury accident,100 km/hr,144.58985,-37.95092,WYNDHAM,METROPOLITAN NORTH WEST REGION,3,1,0,0,1,2,2,0,0,0,2,0,0,0,1,0,0,0,0,0,No,0,3,1,1,0,0,Country
13/02/2013,12.18.00,No,No collision and no object struck,OUT OF CONTROL ON CARRIAGEWAY (ON STRAIGHT),No,Day,Yes,Cross intersection,Other injury accident,60 km/hr,145.13265,-38.15322,FRANKSTON,METROPOLITAN SOUTH EAST REGION,2,1,0,0,1,1,2,0,0,0,1,0,0,1,0,0,0,0,1,0,No,0,2,0,1,1,0,Metropolitan Excluding CBD
13/02/2013,23.00.00,Yes,Vehicle overturned (no collision),OFF CARRIAGEWAY TO RIGHT,No,Dark No street lights,Yes,Not at intersection,Other injury accident,80 km/hr,146.31883,-38.6651,SOUTH GIPPSLAND,EASTERN REGION,1,1,0,0,1,0,1,0,0,0,1,0,0,0,0,0,0,0,0,0,No,0,1,0,1,0,0,Country
13/02/2013,09.15.00,No,Collision with vehicle,LANE SIDE SWIPE (VEHICLES IN PARALLEL LANES),No,Day,No,Not at intersection,Serious injury accident,Not known,144.968,-37.79455,MELBOURNE,METROPOLITAN NORTH WEST REGION,2,1,0,1,0,1,0,1,1,0,0,0,0,0,1,0,0,0,0,0,No,0,2,0,0,0,0,Metropolitan Excluding CBD
13/02/2013,12.20.00,No,Collision with vehicle,VEHICLE COLLIDES WITH VEHICLE PARKED ON LEFT OF ROAD,No,Day,Yes,T intersection,Other injury accident,50 km/hr,144.99897,-37.77402,DAREBIN,METROPOLITAN NORTH WEST REGION,1,1,0,0,1,0,1,0,0,0,1,0,0,0,0,0,0,0,0,0,No,0,3,0,3,0,0,Metropolitan Excluding CBD
13/02/2013,19.45.00,Yes,Collision with vehicle,LANE SIDE SWIPE (VEHICLES IN PARALLEL LANES),No,Unk.,No,Not at intersection,Other injury accident,Not known,144.96802,-37.8106,MELBOURNE,METROPOLITAN NORTH WEST REGION,2,1,0,0,1,1,2,0,1,0,1,0,0,0,0,0,0,0,0,0,No,0,2,0,0,0,1,Metropolitan CBD Only
13/02/2013,14.00.00,No,Collision with vehicle,RIGHT NEAR (INTERSECTIONS ONLY),No,Day,Yes,Cross intersection,Other injury accident,50 km/hr,144.79662,-38.38457,MORNINGTON PENINSULA,METROPOLITAN SOUTH EAST REGION,2,1,0,0,1,1,2,0,0,0,2,0,0,0,0,0,0,0,0,1,No,0,2,0,2,0,0,Metropolitan Excluding CBD
13/02/2013,07.30.00,No,Collision with vehicle,LEFT TURN SIDESWIPE,No,Unk.,No,T intersection,Other injury accident,60 km/hr,145.00688,-37.74472,DAREBIN,METROPOLITAN NORTH WEST REGION,2,1,0,0,1,1,1,1,1,0,1,0,0,0,0,0,0,0,0,0,No,0,2,0,1,0,0,Metropolitan Excluding CBD
13/02/2013,14.30.00,No,Collision with vehicle,REAR END(VEHICLES IN SAME LANE),No,Day,No,T intersection,Other injury accident,70 km/hr,144.7345,-37.86891,WYNDHAM,METROPOLITAN NORTH WEST REGION,2,1,0,0,1,1,1,1,0,0,2,0,0,0,0,0,0,0,0,0,No,0,2,0,2,0,0,Metropolitan Excluding CBD
13/02/2013,08.50.00,No,Collision with vehicle,RIGHT THROUGH,No,Day,No,Multiple intersection,Serious injury accident,60 km/hr,145.064,-37.79345,BOROONDARA,METROPOLITAN SOUTH EAST REGION,2,1,0,1,0,1,2,0,1,0,1,0,0,0,0,0,0,0,0,0,No,0,2,0,1,0,0,Metropolitan Excluding CBD
13/02/2013,07.50.00,No,No collision and no object struck,OUT OF CONTROL ON CARRIAGEWAY (ON BEND),No,Dusk/Dawn,No,T intersection,Other injury accident,60 km/hr,144.59085,-37.67027,MELTON,METROPOLITAN NORTH WEST REGION,1,1,0,0,1,0,1,0,0,0,0,0,0,1,0,0,0,0,0,0,No,0,1,0,0,1,0,Small Provincial Cities
13/02/2013,14.15.00,No,Collision with vehicle,RIGHT FAR (INTERSECTIONS ONLY),No,Day,No,T intersection,Other injury accident,Not known,145.16207,-37.93804,DANDENONG,METROPOLITAN SOUTH EAST REGION,2,1,0,0,1,1,2,0,0,0,2,0,0,0,0,0,0,0,0,1,No,0,2,0,2,0,0,Metropolitan Excluding CBD
13/02/2013,19.30.00,Yes,Collision with vehicle,REAR END(VEHICLES IN SAME LANE),No,Day,Not known,Not at intersection,Other injury accident,80 km/hr,145.35354,-37.9821,CASEY,METROPOLITAN SOUTH EAST REGION,2,1,0,0,1,1,2,0,0,0,2,0,0,0,0,0,0,0,0,2,No,0,2,0,2,0,0,Country
13/02/2013,17.10.00,No,Struck Pedestrian,VEH STRIKES PED ON FOOTPATH/MEDIAN/TRAFFIC ISLAND.,Yes,Day,Yes,Not at intersection,Other injury accident,50 km/hr,146.78215,-38.15544,WELLINGTON,EASTERN REGION,2,1,0,0,1,1,2,0,0,0,1,1,0,0,0,0,0,0,0,0,No,0,1,0,1,0,0,Other Towns
13/02/2013,07.00.00,No,Collision with vehicle,RIGHT/LEFT. ONE VEH TURNING RIGHT THE OTHER LEFT.,No,Day,No,T intersection,Other injury accident,50 km/hr,145.07792,-37.78407,BOROONDARA,METROPOLITAN SOUTH EAST REGION,2,1,0,0,1,1,2,0,1,0,1,0,0,0,0,0,0,0,1,0,No,0,2,0,1,0,0,Metropolitan Excluding CBD
14/02/2013,00.10.00,Yes,Collision with a fixed object,LEFT OFF CARRIAGEWAY INTO OBJECT/PARKED VEHICLE,No,Dark Street lights on,Yes,T intersection,Other injury accident,60 km/hr,145.11146,-37.92762,KINGSTON,METROPOLITAN SOUTH EAST REGION,1,1,0,0,1,0,1,0,0,0,1,0,0,0,0,0,0,0,0,1,No,0,1,0,1,0,0,Metropolitan Excluding CBD
14/02/2013,01.35.00,Yes,Struck Pedestrian,PED ON FOOTHPATH STRUCK BY VEHENTERING/LEAVING DRIVEWAY.,Yes,Dark Street lights unknown,Yes,Not at intersection,Other injury accident,50 km/hr,143.83602,-37.60274,BALLARAT,WESTERN REGION,2,1,0,0,1,1,2,0,0,0,0,1,0,0,1,0,0,0,0,0,No,0,1,0,0,0,0,Large Provincial Cities
14/02/2013,05.20.00,Yes,Struck Pedestrian,ANY MANOEUVRE INVOLVING PED NOT INCLUDED IN DCAs 100-108.,Yes,Dark No street lights,No,Not at intersection,Other injury accident,100 km/hr,146.28075,-38.40862,LATROBE,EASTERN REGION,2,1,0,0,1,1,1,0,0,0,1,1,0,0,0,0,0,0,0,0,No,0,1,1,0,0,0,Country
14/02/2013,06.45.00,No,Collision with vehicle,U TURN,No,Day,Yes,Multiple intersection,Serious injury accident,50 km/hr,145.04293,-37.76836,BANYULE,METROPOLITAN NORTH WEST REGION,2,1,0,1,0,1,2,0,1,0,1,0,0,0,0,0,0,0,0,0,No,0,2,0,1,0,0,Metropolitan Excluding CBD
14/02/2013,09.30.00,No,Collision with vehicle,CROSS TRAFFIC(INTERSECTIONS ONLY),No,Day,Yes,Cross intersection,Other injury accident,50 km/hr,145.82588,-38.43004,SOUTH GIPPSLAND,EASTERN REGION,3,1,0,0,1,2,1,2,0,1,2,0,0,0,0,0,0,0,0,0,No,0,2,0,2,0,0,Other Towns
14/02/2013,08.00.00,No,Collision with vehicle,RIGHT NEAR (INTERSECTIONS ONLY),No,Day,Yes,T intersection,Other injury accident,60 km/hr,145.04123,-37.84297,BOROONDARA,METROPOLITAN SOUTH EAST REGION,3,1,0,0,1,2,2,1,0,1,2,0,0,0,0,0,0,0,0,0,No,0,2,0,2,0,0,Metropolitan Excluding CBD
14/02/2013,11.23.00,No,Struck Pedestrian,ANY MANOEUVRE INVOLVING PED NOT INCLUDED IN DCAs 100-108.,Yes,Unk.,No,Not at intersection,Serious injury accident,50 km/hr,145.23279,-37.92138,KNOX,METROPOLITAN SOUTH EAST REGION,2,1,0,1,0,1,1,0,0,0,0,1,0,0,1,0,0,0,0,0,No,0,1,0,0,0,0,Metropolitan Excluding CBD
14/02/2013,11.10.00,No,Collision with vehicle,CROSS TRAFFIC(INTERSECTIONS ONLY),No,Day,Yes,Cross intersection,Other injury accident,50 km/hr,144.35651,-38.14378,GEELONG,SOUTH WESTERN REGION,3,1,0,0,1,2,1,2,0,1,2,0,0,0,0,0,0,0,0,1,No,0,2,0,2,0,0,Large Provincial Cities
14/02/2013,11.40.00,No,Vehicle overturned (no collision),OUT OF CONTROL ON CARRIAGEWAY (ON STRAIGHT),No,Day,Yes,Cross intersection,Serious injury accident,80 km/hr,145.01769,-37.91583,BAYSIDE,METROPOLITAN SOUTH EAST REGION,1,1,0,1,0,0,1,0,0,0,0,0,0,1,0,0,0,0,0,0,No,0,1,0,0,1,0,Metropolitan Excluding CBD
14/02/2013,11.20.00,No,Collision with vehicle,RIGHT THROUGH,No,Day,Yes,Cross intersection,Other injury accident,80 km/hr,147.00702,-36.14145,WODONGA,NORTH EASTERN REGION,4,3,0,0,3,1,0,4,0,2,2,0,0,0,0,0,0,0,0,0,No,0,2,0,2,0,0,Country
14/02/2013,10.35.00,No,Collision with vehicle,VEHICLE COLLIDES WITH VEHICLE PARKED ON LEFT OF ROAD,No,Day,Yes,Not at intersection,Serious injury accident,50 km/hr,145.08208,-38.1821,MORNINGTON PENINSULA,METROPOLITAN SOUTH EAST REGION,1,1,0,1,0,0,1,0,0,0,1,0,0,0,0,0,0,0,1,0,No,0,2,0,2,0,0,Metropolitan Excluding CBD
14/02/2013,11.39.00,No,Struck Pedestrian,ANY MANOEUVRE INVOLVING PED NOT INCLUDED IN DCAs 100-108.,No,Day,Yes,Not at intersection,Fatal accident,40 km/hr,145.01596,-37.67191,WHITTLESEA,METROPOLITAN NORTH WEST REGION,2,1,1,0,0,1,2,0,0,0,1,1,0,0,0,0,0,1,1,0,No,0,2,0,2,0,0,Metropolitan Excluding CBD
14/02/2013,10.26.00,No,Collision with vehicle,RIGHT NEAR (INTERSECTIONS ONLY),No,Day,Yes,T intersection,Serious injury accident,50 km/hr,146.31582,-36.36145,WANGARATTA,NORTH EASTERN REGION,2,1,0,1,0,1,2,0,1,0,1,0,0,0,0,0,0,0,0,0,No,0,2,0,1,0,0,Small Provincial Cities
14/02/2013,15.12.00,No,Collision with vehicle,RIGHT THROUGH,No,Day,Yes,Cross intersection,Other injury accident,60 km/hr,145.13004,-37.89492,MONASH,METROPOLITAN SOUTH EAST REGION,2,1,0,0,1,1,0,2,0,0,2,0,0,0,0,0,0,0,0,0,No,0,2,0,2,0,0,Metropolitan Excluding CBD
14/02/2013,13.58.00,No,Collision with vehicle,OTHER OVERTAKING MANOEUVRES NOT INCLUDED IN DCAs 150-154,No,Day,Yes,Not at intersection,Other injury accident,60 km/hr,144.94485,-37.66625,HUME,METROPOLITAN NORTH WEST REGION,4,2,0,0,2,2,0,4,0,2,2,0,0,0,0,0,0,0,0,0,No,0,2,1,1,0,0,Metropolitan Excluding CBD
14/02/2013,11.30.00,No,Collision with vehicle,REAR END(VEHICLES IN SAME LANE),No,Day,Yes,Not at intersection,Serious injury accident,100 km/hr,145.10966,-37.55677,WHITTLESEA,METROPOLITAN NORTH WEST REGION,2,1,0,1,0,1,1,1,1,0,1,0,0,0,0,0,0,0,0,0,No,1,2,0,1,0,0,Country
14/02/2013,13.40.00,No,Struck Pedestrian,ANY MANOEUVRE INVOLVING PED NOT INCLUDED IN DCAs 100-108.,No,Day,Yes,Not at intersection,Serious injury accident,50 km/hr,144.35679,-38.1473,GEELONG,SOUTH WESTERN REGION,2,1,0,1,0,1,1,1,0,0,1,1,0,0,0,0,0,1,0,0,No,0,1,0,1,0,0,Large Provincial Cities
14/02/2013,16.00.00,No,Collision with vehicle,VEHICLE STRIKES ANOTHER VEH WHILE EMERGING FROM DRIVEWAY,No,Day,Yes,Not at intersection,Serious injury accident,50 km/hr,145.07818,-37.93986,KINGSTON,METROPOLITAN SOUTH EAST REGION,2,1,0,1,0,1,2,0,0,0,1,0,0,1,0,0,0,0,0,0,No,0,2,0,1,1,0,Metropolitan Excluding CBD
14/02/2013,15.32.00,No,Collision with a fixed object,LEFT OFF CARRIAGEWAY INTO OBJECT/PARKED VEHICLE,No,Day,Yes,Not at intersection,Serious injury accident,60 km/hr,145.05701,-37.95834,KINGSTON,METROPOLITAN SOUTH EAST REGION,2,1,0,1,0,1,1,1,0,1,1,0,0,0,0,0,0,0,1,0,No,0,1,0,1,0,0,Metropolitan Excluding CBD
14/02/2013,13.40.00,No,Collision with a fixed object,OFF RIGHT BEND INTO OBJECT/PARKED VEHICLE,No,Day,Yes,Not at intersection,Fatal accident,100 km/hr,143.38171,-37.41534,PYRENEES,WESTERN REGION,1,1,1,0,0,0,1,0,0,0,1,0,0,0,0,0,0,0,0,0,No,0,1,0,1,0,0,Country
14/02/2013,16.05.00,No,Collision with vehicle,RIGHT THROUGH,No,Day,Yes,Cross intersection,Serious injury accident,40 km/hr,144.95144,-37.81317,MELBOURNE,METROPOLITAN NORTH WEST REGION,2,1,0,1,0,1,2,0,0,0,1,0,0,1,0,0,0,0,0,0,No,0,2,0,1,1,0,Metropolitan CBD Only
14/02/2013,15.45.00,No,Collision with vehicle,VEHICLE OFF FOOTPATH STRIKES VEH ON CARRIAGEWAY,No,Day,No,T intersection,Other injury accident,50 km/hr,144.33818,-38.31657,SURF COAST,SOUTH WESTERN REGION,2,1,0,0,1,1,1,0,1,0,1,0,0,0,0,1,0,0,0,0,No,0,2,0,1,0,0,Small Provincial Cities
14/02/2013,15.08.00,No,Collision with vehicle,VEHICLE OFF FOOTPATH STRIKES VEH ON CARRIAGEWAY,No,Day,Yes,T intersection,Serious injury accident,60 km/hr,144.98049,-37.79358,YARRA,METROPOLITAN NORTH WEST REGION,2,1,0,1,0,1,1,1,1,0,1,0,0,0,0,0,0,0,0,0,No,0,2,0,1,0,0,Metropolitan Excluding CBD
14/02/2013,17.50.00,No,Collision with vehicle,CROSS TRAFFIC(INTERSECTIONS ONLY),No,Day,Yes,Cross intersection,Other injury accident,100 km/hr,142.19908,-34.26496,MILDURA,WESTERN REGION,4,2,0,0,2,2,3,1,0,2,2,0,0,0,0,0,0,0,0,0,No,0,2,0,2,0,0,Country
14/02/2013,20.40.00,Yes,Collision with vehicle,RIGHT THROUGH,No,Dark Street lights on,Yes,Cross intersection,Other injury accident,50 km/hr,144.95823,-37.68955,HUME,METROPOLITAN NORTH WEST REGION,4,1,0,0,1,3,3,1,0,2,2,0,0,0,0,0,0,0,0,1,No,0,2,0,2,0,0,Metropolitan Excluding CBD
14/02/2013,05.44.00,Yes,Vehicle overturned (no collision),OFF CARRIAGEWAY TO LEFT,No,Dark No street lights,Yes,Not at intersection,Serious injury accident,60 km/hr,145.24501,-38.48208,BASS COAST,EASTERN REGION,1,1,0,1,0,0,1,0,0,0,1,0,0,0,0,0,0,0,0,0,Yes,0,1,0,1,0,0,Country
14/02/2013,20.45.00,Yes,Struck Pedestrian,PED NEAR SIDE. PED HIT BY VEHICLE FROM THE RIGHT.,No,Dark Street lights on,Yes,Not at intersection,Fatal accident,60 km/hr,145.2212,-37.98272,DANDENONG,METROPOLITAN SOUTH EAST REGION,2,1,1,0,0,1,0,2,0,0,1,1,0,0,0,0,0,0,0,0,No,0,1,0,1,0,0,Metropolitan Excluding CBD
14/02/2013,08.20.00,No,Collision with vehicle,RIGHT FAR (INTERSECTIONS ONLY),No,Day,Yes,Cross intersection,Other injury accident,50 km/hr,145.20757,-37.98593,DANDENONG,METROPOLITAN SOUTH EAST REGION,2,2,0,0,2,0,1,1,1,0,1,0,0,0,0,0,0,0,0,0,No,0,2,0,1,0,0,Metropolitan Excluding CBD
14/02/2013,19.15.00,Yes,Collision with vehicle,HEAD ON (NOT OVERTAKING),No,Dusk/Dawn,Yes,Not at intersection,Other injury accident,100 km/hr,145.4909,-37.18676,MURRINDINDI,NORTH EASTERN REGION,2,1,0,0,1,1,1,1,0,0,2,0,0,0,0,0,0,0,0,0,No,0,2,1,1,0,0,Country
14/02/2013,19.00.00,Yes,Collision with a fixed object,LEFT OFF CARRIAGEWAY INTO OBJECT/PARKED VEHICLE,No,Day,No,Not at intersection,Serious injury accident,100 km/hr,145.10342,-37.5572,WHITTLESEA,METROPOLITAN NORTH WEST REGION,2,1,0,1,0,1,1,0,0,0,1,0,0,0,1,0,0,0,0,0,No,0,2,0,1,0,0,Country
14/02/2013,22.04.00,Yes,Collision with a fixed object,LEFT OFF CARRIAGEWAY INTO OBJECT/PARKED VEHICLE,No,Dark No street lights,Yes,Not at intersection,Other injury accident,60 km/hr,145.24058,-37.93779,KNOX,METROPOLITAN SOUTH EAST REGION,1,1,0,0,1,0,1,0,0,0,1,0,0,0,0,0,0,0,0,0,No,0,1,0,1,0,0,Metropolitan Excluding CBD
14/02/2013,17.30.00,No,Collision with vehicle,REAR END(VEHICLES IN SAME LANE),No,Day,No,Cross intersection,Other injury accident,60 km/hr,143.82728,-37.58071,BALLARAT,WESTERN REGION,3,1,0,0,1,2,0,3,0,0,3,0,0,0,0,0,0,0,0,1,No,0,3,0,3,0,0,Large Provincial Cities
14/02/2013,07.40.00,No,No collision and no object struck,OUT OF CONTROL ON CARRIAGEWAY (ON STRAIGHT),No,Day,No,Cross intersection,Other injury accident,80 km/hr,144.80193,-37.70186,BRIMBANK,METROPOLITAN NORTH WEST REGION,1,1,0,0,1,0,1,0,0,0,0,0,0,1,0,0,0,0,0,0,No,0,1,0,0,1,0,Metropolitan Excluding CBD
14/02/2013,08.30.00,No,Collision with a fixed object,OFF RIGHT BEND INTO OBJECT/PARKED VEHICLE,No,Day,No,Cross intersection,Other injury accident,60 km/hr,145.22002,-38.21196,CASEY,METROPOLITAN SOUTH EAST REGION,1,1,0,0,1,0,0,1,0,0,1,0,0,0,0,0,0,0,0,0,No,0,1,0,1,0,0,Metropolitan Excluding CBD
14/02/2013,19.15.00,Yes,No collision and no object struck,OUT OF CONTROL ON CARRIAGEWAY (ON STRAIGHT),No,Day,No,T intersection,Other injury accident,70 km/hr,144.78072,-37.72215,BRIMBANK,METROPOLITAN NORTH WEST REGION,1,1,0,0,1,0,1,0,0,0,0,0,0,1,0,0,0,0,0,0,No,0,1,0,0,1,0,Metropolitan Excluding CBD
14/02/2013,13.20.00,No,Collision with vehicle,CROSS TRAFFIC(INTERSECTIONS ONLY),No,Day,Yes,Cross intersection,Other injury accident,50 km/hr,144.77915,-37.75946,BRIMBANK,METROPOLITAN NORTH WEST REGION,3,1,0,0,1,2,2,1,0,1,2,0,0,0,0,0,0,0,0,0,No,0,2,0,2,0,0,Metropolitan Excluding CBD
14/02/2013,09.02.00,No,Fall from or in moving vehicle,FELL IN/FROM VEHICLE,No,Day,No,Not at intersection,Other injury accident,40 km/hr,144.97709,-37.85994,PORT PHILLIP,METROPOLITAN NORTH WEST REGION,2,1,0,0,1,1,0,1,0,0,0,0,0,0,2,0,0,0,0,0,No,0,1,0,0,0,0,Metropolitan Excluding CBD
14/02/2013,09.30.00,No,Collision with vehicle,RIGHT FAR (INTERSECTIONS ONLY),No,Day,Yes,T intersection,Other injury accident,60 km/hr,144.91152,-37.70519,MORELAND,METROPOLITAN NORTH WEST REGION,2,1,0,0,1,1,0,2,0,0,2,0,0,0,0,0,0,0,0,0,No,0,2,0,2,0,0,Metropolitan Excluding CBD
14/02/2013,12.05.00,No,Collision with vehicle,OTHER OVERTAKING MANOEUVRES NOT INCLUDED IN DCAs 150-154,No,Day,Yes,Not at intersection,Other injury accident,60 km/hr,144.57564,-37.69991,MELTON,METROPOLITAN NORTH WEST REGION,2,1,0,0,1,1,1,1,0,0,2,0,0,0,0,0,0,0,0,0,No,0,2,0,2,0,0,Small Provincial Cities
14/02/2013,14.00.00,No,Collision with a fixed object,LEFT OFF CARRIAGEWAY INTO OBJECT/PARKED VEHICLE,No,Day,No,T intersection,Other injury accident,60 km/hr,145.94162,-38.1666,BAW BAW,EASTERN REGION,2,1,0,0,1,1,1,1,1,0,1,0,0,0,0,0,0,0,0,0,No,0,2,0,1,0,0,Small Provincial Cities
14/02/2013,20.00.00,Yes,Struck Pedestrian,VEH STRIKES PED ON FOOTPATH/MEDIAN/TRAFFIC ISLAND.,No,Unk.,No,Not at intersection,Other injury accident,60 km/hr,144.89636,-37.7958,MARIBYRNONG,METROPOLITAN NORTH WEST REGION,2,2,0,0,2,0,2,0,1,0,0,1,0,0,0,0,0,0,0,0,No,0,1,0,0,0,0,Metropolitan Excluding CBD
14/02/2013,07.30.00,No,Collision with vehicle,HEAD ON (NOT OVERTAKING),No,Dusk/Dawn,No,Not at intersection,Other injury accident,50 km/hr,145.12234,-37.67978,NILLUMBIK,METROPOLITAN NORTH WEST REGION,2,1,0,0,1,1,1,1,0,0,2,0,0,0,0,0,0,0,0,1,No,0,2,0,2,0,0,Metropolitan Excluding CBD
15/02/2013,05.55.00,Yes,No collision and no object struck,OUT OF CONTROL ON CARRIAGEWAY (ON STRAIGHT),No,Dusk/Dawn,Yes,Not at intersection,Serious injury accident,60 km/hr,145.00229,-37.9506,BAYSIDE,METROPOLITAN SOUTH EAST REGION,1,1,0,1,0,0,1,0,1,0,0,0,0,0,0,0,0,0,0,0,No,0,1,0,0,0,0,Metropolitan Excluding CBD
15/02/2013,06.45.00,No,Collision with vehicle,REAR END(VEHICLES IN SAME LANE),No,Dusk/Dawn,Yes,Not at intersection,Serious injury accident,100 km/hr,145.2389,-37.97615,CASEY,METROPOLITAN SOUTH EAST REGION,4,2,0,2,0,2,4,0,0,0,4,0,0,0,0,0,0,0,0,2,No,0,4,0,4,0,0,Metropolitan Excluding CBD
15/02/2013,08.46.00,No,Collision with vehicle,RIGHT NEAR (INTERSECTIONS ONLY),No,Day,Yes,T intersection,Other injury accident,50 km/hr,145.05808,-37.86256,STONNINGTON,METROPOLITAN SOUTH EAST REGION,2,1,0,0,1,1,1,1,1,0,1,0,0,0,0,0,0,0,0,0,No,0,2,0,1,0,0,Metropolitan Excluding CBD
15/02/2013,07.50.00,No,Collision with vehicle,CROSS TRAFFIC(INTERSECTIONS ONLY),No,Day,Yes,Cross intersection,Other injury accident,40 km/hr,145.08137,-37.83421,BOROONDARA,METROPOLITAN SOUTH EAST REGION,2,1,0,0,1,1,1,1,0,0,2,0,0,0,0,0,0,0,0,0,No,0,2,0,2,0,0,Metropolitan Excluding CBD
15/02/2013,08.20.00,No,Collision with vehicle,VEHICLE COLLIDES WITH VEHICLE PARKED ON LEFT OF ROAD,No,Day,Yes,Not at intersection,Other injury accident,50 km/hr,142.49555,-38.36777,WARRNAMBOOL,SOUTH WESTERN REGION,1,1,0,0,1,0,1,0,0,0,1,0,0,0,0,0,0,0,1,0,No,0,2,0,1,0,0,Small Provincial Cities