ACCIDENT_DATE,ACCIDENT_TIME,ALCOHOLTIME,ACCIDENT_TYPE,DCA_CODE,HIT_RUN_FLAG,LIGHT_CONDITION,POLICE_ATTEND,ROAD_GEOMETRY,SEVERITY,SPEED_ZONE,LONGITUDE,LATITUDE,LGA_NAME,REGION_NAME,TOTAL_PERSONS,INJ_OR_FATAL,FATALITY,SERIOUSINJURY,OTHERINJURY,NONINJURED,MALES,FEMALES,BICYCLIST,PASSENGER,DRIVER,PEDESTRIAN,PILLION,MOTORIST,UNKNOWN,PED_CYCLIST_5_12,PED_CYCLIST_13_18,OLD_PEDESTRIAN,OLD_DRIVER,YOUNG_DRIVER,ALCOHOL_RELATED,UNLICENCSED,NO_OF_VEHICLES,HEAVYVEHICLE,PASSENGERVEHICLE,MOTORCYCLE,PUBLICVEHICLE,DEG_URBAN_NAME
7/03/2013,19.45.00,Yes,No collision and no object struck,OUT OF CONTROL ON CARRIAGEWAY (ON STRAIGHT),No,Day,No,Cross intersection,Serious injury accident,60 km/hr,143.86888,-37.57497,BALLARAT,WESTERN REGION,2,1,0,1,0,1,2,0,0,0,1,0,0,1,0,0,0,0,0,0,No,0,2,0,0,1,0,Large Provincial Cities
7/03/2013,19.12.00,Yes,Collision with vehicle,RIGHT THROUGH,No,Day,Yes,Cross intersection,Other injury accident,50 km/hr,144.96038,-37.80818,MELBOURNE,METROPOLITAN NORTH WEST REGION,7,1,0,0,1,6,5,1,0,5,2,0,0,0,0,0,0,0,0,0,No,0,2,0,2,0,0,Metropolitan Excluding CBD
7/03/2013,14.50.00,No,Collision with vehicle,CROSS TRAFFIC(INTERSECTIONS ONLY),No,Day,Yes,Cross intersection,Other injury accident,40 km/hr,144.88708,-37.74852,MOONEE VALLEY,METROPOLITAN NORTH WEST REGION,5,1,0,0,1,4,1,4,0,3,2,0,0,0,0,0,0,0,1,0,No,0,2,0,2,0,0,Metropolitan Excluding CBD
7/03/2013,22.10.00,Yes,No collision and no object struck,OUT OF CONTROL ON CARRIAGEWAY (ON STRAIGHT),No,Dark No street lights,Yes,Not at intersection,Serious injury accident,100 km/hr,145.65981,-35.95052,MOIRA,NORTH EASTERN REGION,1,1,0,1,0,0,1,0,1,0,0,0,0,0,0,0,0,0,0,0,No,0,1,0,0,0,0,Country
7/03/2013,21.27.00,Yes,Collision with vehicle,HEAD ON (NOT OVERTAKING),No,Dark Street lights on,Yes,T intersection,Serious injury accident,60 km/hr,144.79168,-37.78165,BRIMBANK,METROPOLITAN NORTH WEST REGION,2,1,0,1,0,1,2,0,0,0,2,0,0,0,0,0,0,0,0,1,No,0,2,0,2,0,0,Metropolitan Excluding CBD
7/03/2013,16.28.00,No,Collision with a fixed object,LEFT OFF CARRIAGEWAY INTO OBJECT/PARKED VEHICLE,No,Day,Yes,Cross intersection,Other injury accident,100 km/hr,145.40633,-38.07495,CARDINIA,METROPOLITAN SOUTH EAST REGION,1,1,0,0,1,0,1,0,0,0,1,0,0,0,0,0,0,0,0,0,No,0,1,0,1,0,0,Small Towns
7/03/2013,13.55.00,No,Struck Pedestrian,PED NEAR SIDE. PED HIT BY VEHICLE FROM THE RIGHT.,No,Day,Yes,Not at intersection,Other injury accident,60 km/hr,145.02627,-37.82217,BOROONDARA,METROPOLITAN SOUTH EAST REGION,2,1,0,0,1,1,0,2,0,0,1,1,0,0,0,0,0,0,0,0,No,0,1,0,1,0,0,Metropolitan Excluding CBD
7/03/2013,22.05.00,Yes,Struck Pedestrian,ANY MANOEUVRE INVOLVING PED NOT INCLUDED IN DCAs 100-108.,Yes,Dark Street lights unknown,Yes,Not at intersection,Serious injury accident,40 km/hr,145.0469,-37.74351,BANYULE,METROPOLITAN NORTH WEST REGION,3,2,0,1,1,1,3,0,0,0,1,2,0,0,0,0,0,0,0,1,No,1,1,0,1,0,0,Metropolitan Excluding CBD
7/03/2013,22.00.00,Yes,Collision with vehicle,REAR END(VEHICLES IN SAME LANE),No,Dark Street lights on,Yes,Not at intersection,Other injury accident,80 km/hr,144.93483,-37.6935,HUME,METROPOLITAN NORTH WEST REGION,3,1,0,0,1,2,2,1,0,0,3,0,0,0,0,0,0,0,0,2,No,0,3,0,3,0,0,Metropolitan Excluding CBD
7/03/2013,09.00.00,No,Collision with vehicle,REAR END(VEHICLES IN SAME LANE),No,Day,No,Cross intersection,Other injury accident,50 km/hr,144.92827,-37.63057,HUME,METROPOLITAN NORTH WEST REGION,4,1,0,0,1,3,2,2,0,2,2,0,0,0,0,0,0,0,0,1,No,0,2,0,2,0,0,Metropolitan Excluding CBD
7/03/2013,18.56.00,Yes,Collision with vehicle,LANE CHANGE LEFT (NOT OVERTAKING),No,Dusk/Dawn,Yes,Not at intersection,Serious injury accident,40 km/hr,144.95345,-37.81754,MELBOURNE,METROPOLITAN NORTH WEST REGION,3,1,0,1,0,2,2,1,0,0,2,0,0,1,0,0,0,0,0,1,No,0,3,0,2,1,0,Metropolitan CBD Only
7/03/2013,09.15.00,No,Collision with vehicle,REAR END(VEHICLES IN SAME LANE),No,Day,No,Not at intersection,Other injury accident,60 km/hr,144.96137,-37.82741,MELBOURNE,METROPOLITAN NORTH WEST REGION,4,1,0,0,1,3,3,0,0,1,1,0,0,0,2,0,0,0,0,0,No,0,3,0,1,0,0,Metropolitan Excluding CBD
7/03/2013,08.35.00,No,Collision with vehicle,REAR END(VEHICLES IN SAME LANE),No,Day,No,Not at intersection,Other injury accident,80 km/hr,144.84197,-37.72183,BRIMBANK,METROPOLITAN NORTH WEST REGION,2,1,0,0,1,1,0,2,0,0,2,0,0,0,0,0,0,0,0,1,No,0,2,0,2,0,0,Metropolitan Excluding CBD
8/03/2013,08.30.00,No,Collision with vehicle,REAR END(VEHICLES IN SAME LANE),No,Day,Yes,Cross intersection,Other injury accident,60 km/hr,144.95823,-37.68955,HUME,METROPOLITAN NORTH WEST REGION,4,1,0,0,1,3,1,3,0,1,3,0,0,0,0,0,0,0,0,0,No,0,3,0,3,0,0,Metropolitan Excluding CBD
8/03/2013,09.30.00,No,Collision with vehicle,RIGHT THROUGH,No,Day,Yes,Multiple intersection,Serious injury accident,40 km/hr,145.34559,-38.02984,CASEY,METROPOLITAN SOUTH EAST REGION,2,1,0,1,0,1,1,1,0,0,2,0,0,0,0,0,0,0,1,0,No,0,2,0,2,0,0,Metropolitan Excluding CBD
8/03/2013,10.00.00,No,Collision with vehicle,RIGHT THROUGH,No,Day,Yes,Cross intersection,Other injury accident,60 km/hr,145.03816,-37.88628,GLEN EIRA,METROPOLITAN SOUTH EAST REGION,3,2,0,0,2,1,1,2,0,1,2,0,0,0,0,0,0,0,0,0,No,0,2,0,2,0,0,Metropolitan Excluding CBD
8/03/2013,10.15.00,No,Collision with vehicle,VEHICLE STRIKES DOOR OF PARKED/STATIONARY VEHICLE,No,Day,Yes,T intersection,Other injury accident,40 km/hr,144.99456,-37.84474,STONNINGTON,METROPOLITAN SOUTH EAST REGION,2,1,0,0,1,1,0,1,1,0,1,0,0,0,0,0,0,0,0,0,No,0,2,0,1,0,0,Metropolitan Excluding CBD
8/03/2013,11.30.00,No,Collision with a fixed object,LEFT OFF CARRIAGEWAY INTO OBJECT/PARKED VEHICLE,No,Day,Yes,T intersection,Serious injury accident,40 km/hr,145.00319,-37.9338,BAYSIDE,METROPOLITAN SOUTH EAST REGION,1,1,0,1,0,0,1,0,0,0,1,0,0,0,0,0,0,0,1,0,No,0,1,0,1,0,0,Metropolitan Excluding CBD
8/03/2013,11.25.00,No,Collision with vehicle,HEAD ON (NOT OVERTAKING),No,Day,Yes,Not at intersection,Other injury accident,80 km/hr,143.911,-37.57684,BALLARAT,WESTERN REGION,2,2,0,0,2,0,1,1,0,0,2,0,0,0,0,0,0,0,0,0,No,0,2,0,2,0,0,Country
8/03/2013,14.00.00,No,Collision with vehicle,OTHER OVERTAKING MANOEUVRES NOT INCLUDED IN DCAs 150-154,No,Day,No,Not at intersection,Other injury accident,100 km/hr,141.92365,-36.74904,HORSHAM,WESTERN REGION,6,3,0,0,3,3,3,2,3,2,1,0,0,0,0,0,0,0,0,0,No,0,4,0,1,0,0,Country
8/03/2013,12.40.00,No,Vehicle overturned (no collision),OUT OF CONTROL ON CARRIAGEWAY (ON BEND),No,Day,Yes,Not at intersection,Serious injury accident,100 km/hr,146.20866,-38.40967,SOUTH GIPPSLAND,EASTERN REGION,1,1,0,1,0,0,1,0,0,0,0,0,0,1,0,0,0,0,0,0,No,0,1,0,0,1,0,Country
8/03/2013,10.50.00,No,Collision with vehicle,REAR END(VEHICLES IN SAME LANE),No,Day,Yes,T intersection,Other injury accident,70 km/hr,145.05205,-37.70782,BANYULE,METROPOLITAN NORTH WEST REGION,2,1,0,0,1,1,1,1,0,0,2,0,0,0,0,0,0,0,0,0,No,0,2,0,2,0,0,Metropolitan Excluding CBD
8/03/2013,13.20.00,No,Collision with a fixed object,OFF RIGHT BEND INTO OBJECT/PARKED VEHICLE,No,Day,No,Not at intersection,Other injury accident,Not known,144.42518,-38.16469,GEELONG,SOUTH WESTERN REGION,1,1,0,0,1,0,1,0,0,0,1,0,0,0,0,0,0,0,0,0,No,0,1,0,1,0,0,Large Provincial Cities
8/03/2013,16.32.00,Yes,Collision with vehicle,RIGHT THROUGH,No,Day,Yes,T intersection,Serious injury accident,60 km/hr,144.70381,-37.86487,WYNDHAM,METROPOLITAN NORTH WEST REGION,2,2,0,1,1,0,0,2,0,0,2,0,0,0,0,0,0,0,0,1,No,0,2,0,2,0,0,Metropolitan Excluding CBD
8/03/2013,14.15.00,No,No collision and no object struck,OUT OF CONTROL ON CARRIAGEWAY (ON BEND),Yes,Day,Yes,Not at intersection,Other injury accident,100 km/hr,144.81628,-37.82702,WYNDHAM,METROPOLITAN NORTH WEST REGION,2,1,0,0,1,1,1,0,0,0,1,0,0,1,0,0,0,0,0,0,No,0,2,0,1,1,0,Metropolitan Excluding CBD
8/03/2013,14.20.00,No,Collision with vehicle,LANE CHANGE RIGHT (NOT OVERTAKING),No,Day,Yes,Cross intersection,Other injury accident,100 km/hr,145.71494,-38.07565,CARDINIA,METROPOLITAN SOUTH EAST REGION,5,5,0,0,5,0,1,4,0,3,2,0,0,0,0,0,0,0,0,1,No,0,2,0,2,0,0,Country
8/03/2013,14.50.00,No,Collision with vehicle,REAR END(VEHICLES IN SAME LANE),No,Day,Yes,T intersection,Other injury accident,60 km/hr,144.89275,-37.68098,HUME,METROPOLITAN NORTH WEST REGION,2,1,0,0,1,1,1,1,0,0,2,0,0,0,0,0,0,0,0,1,No,0,2,0,2,0,0,Metropolitan Excluding CBD
8/03/2013,15.32.00,No,Collision with vehicle,VEHICLE STRIKES ANOTHER VEH WHILE EMERGING FROM DRIVEWAY,No,Day,Yes,Not at intersection,Serious injury accident,100 km/hr,145.20048,-38.06514,DANDENONG,METROPOLITAN SOUTH EAST REGION,2,2,0,1,1,0,1,1,0,0,2,0,0,0,0,0,0,0,1,0,No,0,2,0,2,0,0,Metropolitan Excluding CBD
8/03/2013,09.00.00,No,Collision with vehicle,RIGHT THROUGH,No,Day,No,Not at intersection,Serious injury accident,40 km/hr,144.96557,-37.818,MELBOURNE,METROPOLITAN NORTH WEST REGION,2,1,0,1,0,1,2,0,1,0,1,0,0,0,0,0,0,0,0,0,No,0,2,0,1,0,0,Metropolitan CBD Only
8/03/2013,17.00.00,Yes,Collision with vehicle,RIGHT THROUGH,No,Day,Yes,T intersection,Other injury accident,60 km/hr,144.95474,-37.85076,PORT PHILLIP,METROPOLITAN NORTH WEST REGION,2,1,0,0,1,1,2,0,0,0,1,0,0,1,0,0,0,0,0,0,No,0,2,0,1,1,0,Metropolitan Excluding CBD
8/03/2013,16.45.00,Yes,Collision with vehicle,LEFT NEAR (INTERSECTIONS ONLY),No,Day,No,Cross intersection,Serious injury accident,60 km/hr,145.09554,-37.6375,WHITTLESEA,METROPOLITAN NORTH WEST REGION,2,1,0,1,0,1,1,1,1,0,1,0,0,0,0,0,0,0,0,0,No,0,2,0,1,0,0,Metropolitan Excluding CBD
8/03/2013,17.15.00,Yes,Collision with vehicle,RIGHT THROUGH,No,Day,Yes,Cross intersection,Other injury accident,60 km/hr,144.78191,-37.84417,HOBSONS BAY,METROPOLITAN NORTH WEST REGION,2,1,0,0,1,1,2,0,0,0,1,0,0,1,0,0,0,0,0,0,No,0,2,0,1,1,0,Metropolitan Excluding CBD
8/03/2013,16.30.00,Yes,Collision with vehicle,RIGHT THROUGH,Yes,Day,Yes,Not at intersection,Other injury accident,60 km/hr,145.29635,-37.85607,KNOX,METROPOLITAN SOUTH EAST REGION,2,1,0,0,1,1,1,1,0,0,1,0,0,1,0,0,0,0,0,1,No,0,2,0,1,1,0,Metropolitan Excluding CBD
8/03/2013,17.47.00,Yes,Collision with vehicle,VEHICLE STRIKES ANOTHER VEH WHILE EMERGING FROM DRIVEWAY,No,Day,Yes,T intersection,Other injury accident,60 km/hr,145.20416,-37.9737,DANDENONG,METROPOLITAN SOUTH EAST REGION,7,1,0,0,1,6,2,5,0,5,2,0,0,0,0,0,0,0,0,0,No,0,2,0,2,0,0,Metropolitan Excluding CBD
8/03/2013,15.50.00,No,Collision with vehicle,RIGHT THROUGH,No,Day,Yes,T intersection,Other injury accident,50 km/hr,145.04098,-37.77048,BANYULE,METROPOLITAN NORTH WEST REGION,2,1,0,0,1,1,2,0,1,0,1,0,0,0,0,0,0,0,0,0,No,0,2,0,1,0,0,Metropolitan Excluding CBD
8/03/2013,20.18.00,Yes,Collision with vehicle,U TURN,No,Dark Street lights on,Yes,Not at intersection,Other injury accident,60 km/hr,145.01602,-37.84193,STONNINGTON,METROPOLITAN SOUTH EAST REGION,3,3,0,0,3,0,2,1,0,0,0,0,1,2,0,0,0,0,0,0,No,0,2,0,0,2,0,Metropolitan Excluding CBD
8/03/2013,17.00.00,Yes,Collision with a fixed object,OFF LEFT BEND INTO OBJECT/PARKED VEHICLE,No,Day,Yes,Not at intersection,Serious injury accident,100 km/hr,142.54455,-37.18742,NORTHERN GRAMPIANS,WESTERN REGION,1,1,0,1,0,0,0,1,0,0,1,0,0,0,0,0,0,0,0,0,No,0,1,0,1,0,0,Country
8/03/2013,19.45.00,Yes,Collision with a fixed object,LEFT OFF CARRIAGEWAY INTO OBJECT/PARKED VEHICLE,No,Dark Street lights on,Yes,Not at intersection,Other injury accident,60 km/hr,145.01377,-37.68059,WHITTLESEA,METROPOLITAN NORTH WEST REGION,1,1,0,0,1,0,0,1,0,0,1,0,0,0,0,0,0,0,0,1,No,0,1,0,1,0,0,Metropolitan Excluding CBD
8/03/2013,19.45.00,Yes,Collision with vehicle,HEAD ON (NOT OVERTAKING),No,Day,Yes,Not at intersection,Other injury accident,60 km/hr,145.73105,-38.62736,BASS COAST,EASTERN REGION,3,2,0,0,2,1,0,3,0,1,2,0,0,0,0,0,0,0,0,1,No,0,2,0,2,0,0,Other Towns
8/03/2013,19.00.00,Yes,Collision with vehicle,CROSS TRAFFIC(INTERSECTIONS ONLY),No,Day,Yes,Cross intersection,Other injury accident,60 km/hr,146.97708,-37.95856,WELLINGTON,EASTERN REGION,2,2,0,0,2,0,1,1,0,0,2,0,0,0,0,0,0,0,0,1,No,0,2,0,2,0,0,Other Towns
8/03/2013,22.35.00,Yes,Collision with a fixed object,LEFT OFF CARRIAGEWAY INTO OBJECT/PARKED VEHICLE,No,Dark No street lights,Yes,Not at intersection,Serious injury accident,100 km/hr,144.59575,-38.17603,GEELONG,SOUTH WESTERN REGION,1,1,0,1,0,0,0,1,0,0,1,0,0,0,0,0,0,0,0,1,No,0,1,0,1,0,0,Country
8/03/2013,23.30.00,Yes,Vehicle overturned (no collision),OFF CARRIAGEWAY ON LEFT BEND,No,Dark No street lights,Yes,Not at intersection,Other injury accident,100 km/hr,146.24358,-37.58541,MANSFIELD,NORTH EASTERN REGION,2,2,0,0,2,0,2,0,0,1,1,0,0,0,0,0,0,0,0,0,No,0,1,0,1,0,0,Country
8/03/2013,16.40.00,Yes,Collision with vehicle,LEFT NEAR (INTERSECTIONS ONLY),No,Day,No,T intersection,Other injury accident,60 km/hr,147.08225,-38.10681,WELLINGTON,EASTERN REGION,2,1,0,0,1,1,2,0,1,0,1,0,0,0,0,0,0,0,0,0,No,0,2,0,1,0,0,Small Provincial Cities
8/03/2013,21.20.00,Yes,Collision with vehicle,RIGHT FAR (INTERSECTIONS ONLY),No,Dark Street lights on,Yes,T intersection,Serious injury accident,Not known,144.76938,-37.81205,BRIMBANK,METROPOLITAN NORTH WEST REGION,2,1,0,1,0,1,1,1,0,0,2,0,0,0,0,0,0,0,0,0,No,0,2,0,2,0,0,Metropolitan Excluding CBD
8/03/2013,16.15.00,Yes,Collision with vehicle,VEHICLE STRIKES ANOTHER VEH WHILE EMERGING FROM DRIVEWAY,No,Day,Yes,Not at intersection,Other injury accident,60 km/hr,142.99895,-38.61697,CORANGAMITE,SOUTH WESTERN REGION,3,3,0,0,3,0,0,3,0,1,2,0,0,0,0,0,0,0,1,1,No,0,2,0,2,0,0,Small Towns
8/03/2013,16.50.00,Yes,Collision with vehicle,VEHICLE STRIKES DOOR OF PARKED/STATIONARY VEHICLE,No,Day,No,Not at intersection,Other injury accident,Not known,145.00021,-37.81289,YARRA,METROPOLITAN NORTH WEST REGION,2,1,0,0,1,1,1,1,1,0,1,0,0,0,0,0,0,0,0,0,No,0,2,0,1,0,0,Metropolitan Excluding CBD
8/03/2013,10.30.00,No,Struck Pedestrian,ANY MANOEUVRE INVOLVING PED NOT INCLUDED IN DCAs 100-108.,No,Day,No,Not at intersection,Serious injury accident,40 km/hr,145.01861,-37.77608,DAREBIN,METROPOLITAN NORTH WEST REGION,2,1,0,1,0,1,0,2,0,0,1,1,0,0,0,0,0,1,0,0,No,0,1,0,1,0,0,Metropolitan Excluding CBD
8/03/2013,19.15.00,Yes,Fall from or in moving vehicle,FELL IN/FROM VEHICLE,No,Dusk/Dawn,No,Not at intersection,Serious injury accident,Not known,147.10713,-36.27299,INDIGO,NORTH EASTERN REGION,2,1,0,1,0,1,2,0,0,1,1,0,0,0,0,0,0,0,0,0,No,0,1,0,1,0,0,Country
8/03/2013,14.50.00,No,Collision with vehicle,REAR END(VEHICLES IN SAME LANE),No,Unk.,No,T intersection,Other injury accident,Not known,145.14688,-37.88021,MONASH,METROPOLITAN SOUTH EAST REGION,3,1,0,0,1,2,1,2,0,0,3,0,0,0,0,0,0,0,0,0,No,0,3,0,3,0,0,Metropolitan Excluding CBD
8/03/2013,18.00.00,Yes,Collision with vehicle,VEHICLE STRIKES ANOTHER VEH WHILE EMERGING FROM DRIVEWAY,No,Day,No,Not at intersection,Other injury accident,Not known,144.98718,-37.92559,BAYSIDE,METROPOLITAN SOUTH EAST REGION,2,2,0,0,2,0,2,0,1,0,1,0,0,0,0,0,0,0,0,0,No,0,2,0,1,0,0,Metropolitan Excluding CBD
8/03/2013,19.05.00,Yes,Struck animal,STRUCK ANIMAL,No,Dusk/Dawn,Yes,Not at intersection,Other injury accident,90 km/hr,145.1456,-38.29919,MORNINGTON PENINSULA,METROPOLITAN SOUTH EAST REGION,1,1,0,0,1,0,0,1,0,0,1,0,0,0,0,0,0,0,0,0,No,0,1,0,1,0,0,Country
8/03/2013,15.10.00,No,Collision with vehicle,HEAD ON (NOT OVERTAKING),No,Day,Yes,T intersection,Other injury accident,80 km/hr,145.51581,-37.68239,YARRA RANGES,METROPOLITAN SOUTH EAST REGION,6,1,0,0,1,5,2,4,0,3,3,0,0,0,0,0,0,0,0,0,No,0,3,1,2,0,0,Country
9/03/2013,04.45.00,Yes,Collision with vehicle,RIGHT NEAR (INTERSECTIONS ONLY),No,Dark Street lights on,Yes,T intersection,Other injury accident,70 km/hr,145.08079,-37.76018,MANNINGHAM,METROPOLITAN SOUTH EAST REGION,3,1,0,0,1,2,2,1,0,1,2,0,0,0,0,0,0,0,0,1,No,1,2,0,2,0,0,Metropolitan Excluding CBD
9/03/2013,08.10.00,No,Collision with vehicle,RIGHT NEAR (INTERSECTIONS ONLY),No,Day,Yes,Cross intersection,Other injury accident,80 km/hr,144.35821,-38.06002,GEELONG,SOUTH WESTERN REGION,6,2,0,0,2,4,1,5,0,4,2,0,0,0,0,0,0,0,0,0,No,0,2,0,2,0,0,Country
9/03/2013,09.05.00,No,Collision with vehicle,U TURN,No,Day,No,Not at intersection,Other injury accident,Not known,145.12592,-38.10247,FRANKSTON,METROPOLITAN SOUTH EAST REGION,2,1,0,0,1,1,2,0,1,0,1,0,0,0,0,0,0,0,0,0,No,0,2,0,1,0,0,Metropolitan Excluding CBD
9/03/2013,11.20.00,No,Collision with vehicle,U TURN,Yes,Day,Yes,Not at intersection,Other injury accident,60 km/hr,144.91882,-38.35198,MORNINGTON PENINSULA,METROPOLITAN SOUTH EAST REGION,3,1,0,0,1,2,1,2,0,1,2,0,0,0,0,0,0,0,1,0,No,0,2,0,2,0,0,Metropolitan Excluding CBD
9/03/2013,04.03.00,Yes,Collision with vehicle,HEAD ON (NOT OVERTAKING),No,Dark Street lights on,Yes,Multiple intersection,Serious injury accident,50 km/hr,145.00165,-37.75229,DAREBIN,METROPOLITAN NORTH WEST REGION,2,1,0,1,0,1,2,0,0,0,2,0,0,0,0,0,0,0,0,0,Yes,0,2,0,2,0,0,Metropolitan Excluding CBD
9/03/2013,06.45.00,Yes,Collision with a fixed object,OFF LEFT BEND INTO OBJECT/PARKED VEHICLE,No,Dusk/Dawn,Yes,Not at intersection,Other injury accident,100 km/hr,148.98249,-37.59199,EAST GIPPSLAND,EASTERN REGION,1,1,0,0,1,0,1,0,0,0,1,0,0,0,0,0,0,0,0,0,No,0,1,0,1,0,0,Country
9/03/2013,19.30.00,Yes,Collision with vehicle,RIGHT THROUGH,No,Day,Yes,Cross intersection,Other injury accident,60 km/hr,145.21019,-37.99146,DANDENONG,METROPOLITAN SOUTH EAST REGION,5,1,0,0,1,4,5,0,0,3,2,0,0,0,0,0,0,0,0,2,No,0,2,0,2,0,0,Metropolitan Excluding CBD
9/03/2013,15.00.00,Yes,Struck Pedestrian,VEH STRIKES PED ON FOOTPATH/MEDIAN/TRAFFIC ISLAND.,Yes,Day,No,Cross intersection,Serious injury accident,60 km/hr,145.06968,-37.87957,STONNINGTON,METROPOLITAN SOUTH EAST REGION,2,1,0,1,0,1,0,1,0,0,0,1,0,0,1,0,0,0,0,0,No,0,1,0,0,0,0,Metropolitan Excluding CBD
9/03/2013,18.55.00,Yes,Collision with vehicle,VEHICLE STRIKES ANOTHER VEH WHILE EMERGING FROM DRIVEWAY,No,Day,Yes,Not at intersection,Other injury accident,60 km/hr,145.12069,-37.92013,MONASH,METROPOLITAN SOUTH EAST REGION,2,1,0,0,1,1,2,0,0,0,2,0,0,0,0,0,0,0,1,0,No,0,2,0,2,0,0,Metropolitan Excluding CBD
9/03/2013,00.30.00,Yes,Vehicle overturned (no collision),OFF CARRIAGEWAY TO LEFT,No,Dark No street lights,Yes,Not at intersection,Serious injury accident,100 km/hr,142.18614,-38.35412,MOYNE,SOUTH WESTERN REGION,1,1,0,1,0,0,1,0,0,0,1,0,0,0,0,0,0,0,0,0,No,0,1,0,1,0,0,Country
9/03/2013,14.30.00,Yes,No collision and no object struck,OFF CARRIAGEWAY ON LEFT BEND,No,Day,Yes,Not at intersection,Serious injury accident,80 km/hr,147.47878,-36.96971,EAST GIPPSLAND,EASTERN REGION,1,1,0,1,0,0,1,0,0,0,0,0,0,1,0,0,0,0,0,0,No,0,1,0,0,1,0,Country
9/03/2013,15.35.00,Yes,Struck Pedestrian,ANY MANOEUVRE INVOLVING PED NOT INCLUDED IN DCAs 100-108.,No,Day,Yes,Multiple intersection,Other injury accident,60 km/hr,144.95688,-37.80155,MELBOURNE,METROPOLITAN NORTH WEST REGION,3,1,0,0,1,2,3,0,0,1,1,1,0,0,0,0,0,0,0,0,No,0,1,1,0,0,0,Metropolitan Excluding CBD
9/03/2013,10.35.00,No,Collision with vehicle,RIGHT THROUGH,No,Day,Yes,T intersection,Serious injury accident,60 km/hr,145.59232,-38.59742,BASS COAST,EASTERN REGION,2,1,0,1,0,1,1,1,0,0,2,0,0,0,0,0,0,0,1,0,No,0,2,0,2,0,0,Other Towns
9/03/2013,12.53.00,No,Collision with vehicle,LANE SIDE SWIPE (VEHICLES IN PARALLEL LANES),No,Day,Yes,Not at intersection,Serious injury accident,100 km/hr,145.1487,-38.08097,KINGSTON,METROPOLITAN SOUTH EAST REGION,3,1,0,1,0,2,1,2,0,1,2,0,0,0,0,0,0,0,0,0,Yes,0,2,0,2,0,0,Metropolitan Excluding CBD
9/03/2013,12.10.00,No,Collision with vehicle,LEFT REAR,Yes,Day,No,T intersection,Other injury accident,60 km/hr,145.13394,-38.04615,KINGSTON,METROPOLITAN SOUTH EAST REGION,2,1,0,0,1,1,1,0,0,0,0,0,0,1,1,0,0,0,0,0,No,0,2,0,0,1,0,Metropolitan Excluding CBD
9/03/2013,13.00.00,No,collision with some other object,STRUCK OBJECT ON CARRIAGEWAY,No,Day,Yes,Not at intersection,Fatal accident,Not known,145.17349,-37.19591,MITCHELL,NORTHERN REGION,1,1,1,0,0,0,1,0,0,0,0,0,0,1,0,0,0,0,0,0,No,0,1,0,0,1,0,Country
9/03/2013,14.30.00,Yes,Collision with a fixed object,OFF RIGHT BEND INTO OBJECT/PARKED VEHICLE,No,Day,Yes,Not at intersection,Serious injury accident,80 km/hr,145.35662,-37.64658,YARRA RANGES,METROPOLITAN SOUTH EAST REGION,1,1,0,1,0,0,1,0,0,0,0,0,0,1,0,0,0,0,0,0,Yes,0,1,0,0,1,0,Country
9/03/2013,13.20.00,No,Collision with a fixed object,U TURN INTO FIXED OBJECT/PARKED VEHICLE,No,Day,Yes,Dead end,Other injury accident,50 km/hr,144.9514,-37.76031,MORELAND,METROPOLITAN NORTH WEST REGION,1,1,0,0,1,0,0,1,0,0,1,0,0,0,0,0,0,0,0,0,No,0,1,0,1,0,0,Metropolitan Excluding CBD
9/03/2013,13.45.00,No,Collision with vehicle,LANE CHANGE LEFT (NOT OVERTAKING),No,Day,Yes,Not at intersection,Other injury accident,100 km/hr,144.75324,-37.86969,WYNDHAM,METROPOLITAN NORTH WEST REGION,2,1,0,0,1,1,2,0,0,0,2,0,0,0,0,0,0,0,0,0,No,0,2,1,1,0,0,Metropolitan Excluding CBD
9/03/2013,14.10.00,Yes,No collision and no object struck,OFF CARRIAGEWAY ON RIGHT BEND,No,Day,No,Not at intersection,Serious injury accident,100 km/hr,147.30018,-36.88987,ALPINE,NORTH EASTERN REGION,1,1,0,1,0,0,0,1,0,0,0,0,0,1,0,0,0,0,0,0,No,0,1,0,0,1,0,Country
9/03/2013,16.05.00,Yes,Collision with a fixed object,OFF LEFT BEND INTO OBJECT/PARKED VEHICLE,No,Day,Yes,Not at intersection,Other injury accident,100 km/hr,144.77527,-37.86628,HOBSONS BAY,METROPOLITAN NORTH WEST REGION,2,2,0,0,2,0,1,1,0,1,1,0,0,0,0,0,0,0,0,0,No,0,1,0,1,0,0,Metropolitan Excluding CBD
9/03/2013,02.20.00,Yes,No collision and no object struck,OUT OF CONTROL ON CARRIAGEWAY (ON BEND),No,Dark Street lights on,Yes,Not at intersection,Serious injury accident,50 km/hr,145.19563,-38.15735,FRANKSTON,METROPOLITAN SOUTH EAST REGION,2,1,0,1,0,1,1,1,0,0,0,0,1,1,0,0,0,0,0,0,No,0,1,0,0,1,0,Metropolitan Excluding CBD
9/03/2013,12.30.00,No,No collision and no object struck,OUT OF CONTROL ON CARRIAGEWAY (ON STRAIGHT),No,Day,No,Not at intersection,Other injury accident,100 km/hr,145.18102,-38.07487,FRANKSTON,METROPOLITAN SOUTH EAST REGION,2,1,0,0,1,1,1,0,0,0,0,0,0,1,1,0,0,0,0,0,No,0,2,0,0,1,0,Metropolitan Excluding CBD