ACCIDENT_DATE,ACCIDENT_TIME,ALCOHOLTIME,ACCIDENT_TYPE,DCA_CODE,HIT_RUN_FLAG,LIGHT_CONDITION,POLICE_ATTEND,ROAD_GEOMETRY,SEVERITY,SPEED_ZONE,LONGITUDE,LATITUDE,LGA_NAME,REGION_NAME,TOTAL_PERSONS,INJ_OR_FATAL,FATALITY,SERIOUSINJURY,OTHERINJURY,NONINJURED,MALES,FEMALES,BICYCLIST,PASSENGER,DRIVER,PEDESTRIAN,PILLION,MOTORIST,UNKNOWN,PED_CYCLIST_5_12,PED_CYCLIST_13_18,OLD_PEDESTRIAN,OLD_DRIVER,YOUNG_DRIVER,ALCOHOL_RELATED,UNLICENCSED,NO_OF_VEHICLES,HEAVYVEHICLE,PASSENGERVEHICLE,MOTORCYCLE,PUBLICVEHICLE,DEG_URBAN_NAME
11/04/2013,13.00.00,No,Collision with vehicle,LANE SIDE SWIPE (VEHICLES IN PARALLEL LANES),No,Day,Yes,Not at intersection,Serious injury accident,80 km/hr,144.79566,-37.77013,BRIMBANK,METROPOLITAN NORTH WEST REGION,2,1,0,1,0,1,2,0,0,0,2,0,0,0,0,0,0,0,0,0,No,0,2,1,1,0,0,Metropolitan Excluding CBD
11/04/2013,14.00.00,No,Collision with vehicle,RIGHT THROUGH,No,Day,Yes,Cross intersection,Other injury accident,60 km/hr,144.89092,-37.78379,MARIBYRNONG,METROPOLITAN NORTH WEST REGION,4,1,0,0,1,3,1,3,0,2,2,0,0,0,0,0,0,0,0,1,No,0,2,0,1,0,0,Metropolitan Excluding CBD
11/04/2013,15.00.00,No,Collision with vehicle,RIGHT THROUGH,No,Day,Yes,Not at intersection,Other injury accident,60 km/hr,144.3433,-38.11129,GEELONG,SOUTH WESTERN REGION,2,2,0,0,2,0,0,2,0,0,2,0,0,0,0,0,0,0,0,0,No,0,2,0,2,0,0,Large Provincial Cities
11/04/2013,11.20.00,No,Collision with vehicle,REAR END(VEHICLES IN SAME LANE),No,Day,No,T intersection,Other injury accident,70 km/hr,144.35479,-38.11424,GEELONG,SOUTH WESTERN REGION,2,1,0,0,1,1,1,1,0,0,2,0,0,0,0,0,0,0,0,1,No,0,2,0,2,0,0,Large Provincial Cities
11/04/2013,14.50.00,No,Collision with vehicle,RIGHT NEAR (INTERSECTIONS ONLY),No,Day,Yes,T intersection,Other injury accident,80 km/hr,145.23335,-38.01691,DANDENONG,METROPOLITAN SOUTH EAST REGION,3,1,0,0,1,2,2,1,0,1,2,0,0,0,0,0,0,0,0,0,No,0,2,0,2,0,0,Metropolitan Excluding CBD
11/04/2013,15.15.00,No,Collision with vehicle,HEAD ON (NOT OVERTAKING),No,Day,Yes,Not at intersection,Serious injury accident,50 km/hr,142.14446,-34.28809,MILDURA,WESTERN REGION,5,3,0,1,2,2,1,4,0,3,2,0,0,0,0,0,0,0,0,0,No,0,2,0,2,0,0,Country
11/04/2013,14.05.00,No,collision with some other object,STRUCK OBJECT ON CARRIAGEWAY,No,Day,Yes,Not at intersection,Serious injury accident,110 km/hr,144.39935,-37.15305,MOUNT ALEXANDER,NORTHERN REGION,2,1,0,1,0,1,2,0,0,0,2,0,0,0,0,0,0,0,0,1,No,0,2,0,2,0,0,Country
11/04/2013,16.10.00,No,Collision with vehicle,LANE CHANGE RIGHT (NOT OVERTAKING),No,Day,Yes,Cross intersection,Other injury accident,60 km/hr,145.00401,-37.73797,DAREBIN,METROPOLITAN NORTH WEST REGION,4,1,0,0,1,3,2,2,0,1,3,0,0,0,0,0,0,0,0,2,No,0,3,0,3,0,0,Metropolitan Excluding CBD
11/04/2013,18.05.00,Yes,Collision with vehicle,VEHICLE STRIKES ANOTHER VEH WHILE EMERGING FROM DRIVEWAY,No,Unk.,Yes,T intersection,Serious injury accident,50 km/hr,145.13947,-37.70788,NILLUMBIK,METROPOLITAN NORTH WEST REGION,2,1,0,1,0,1,1,1,0,0,2,0,0,0,0,0,0,0,1,1,No,0,2,0,2,0,0,Metropolitan Excluding CBD
11/04/2013,15.35.00,No,Collision with a fixed object,LEFT OFF CARRIAGEWAY INTO OBJECT/PARKED VEHICLE,No,Day,Yes,Not at intersection,Serious injury accident,100 km/hr,146.06606,-38.58891,SOUTH GIPPSLAND,EASTERN REGION,1,1,0,1,0,0,1,0,0,0,1,0,0,0,0,0,0,0,0,0,No,0,1,0,1,0,0,Country
11/04/2013,17.24.00,No,Collision with vehicle,RIGHT FAR (INTERSECTIONS ONLY),No,Day,Yes,Cross intersection,Other injury accident,110 km/hr,145.08893,-37.1296,MITCHELL,NORTHERN REGION,4,3,0,0,3,1,2,2,0,2,2,0,0,0,0,0,0,0,0,0,No,0,2,0,1,0,0,Country
11/04/2013,20.10.00,Yes,Collision with vehicle,RIGHT NEAR (INTERSECTIONS ONLY),No,Dark Street lights on,Yes,T intersection,Serious injury accident,60 km/hr,144.96518,-37.82324,MELBOURNE,METROPOLITAN NORTH WEST REGION,8,2,0,1,1,6,5,3,0,6,2,0,0,0,0,0,0,0,0,0,No,0,2,0,2,0,0,Metropolitan Excluding CBD
11/04/2013,06.15.00,No,Collision with vehicle,RIGHT NEAR (INTERSECTIONS ONLY),No,Dusk/Dawn,Yes,Cross intersection,Other injury accident,60 km/hr,145.2214,-37.98165,DANDENONG,METROPOLITAN SOUTH EAST REGION,2,1,0,0,1,1,2,0,0,0,2,0,0,0,0,0,0,0,0,0,No,0,2,0,2,0,0,Metropolitan Excluding CBD
11/04/2013,15.40.00,No,Collision with vehicle,REAR END(VEHICLES IN SAME LANE),No,Day,No,Not at intersection,Other injury accident,Not known,144.87082,-37.71912,BRIMBANK,METROPOLITAN NORTH WEST REGION,3,1,0,0,1,2,2,1,0,1,2,0,0,0,0,0,0,0,1,0,No,0,2,0,2,0,0,Metropolitan Excluding CBD
11/04/2013,09.15.00,No,Vehicle overturned (no collision),OUT OF CONTROL ON CARRIAGEWAY (ON STRAIGHT),No,Day,No,Cross intersection,Other injury accident,50 km/hr,144.98916,-37.74381,DAREBIN,METROPOLITAN NORTH WEST REGION,2,2,0,0,2,0,1,1,0,0,0,0,1,1,0,0,0,0,0,0,No,0,1,0,0,1,0,Metropolitan Excluding CBD
11/04/2013,00.15.00,Yes,Collision with vehicle,RIGHT THROUGH,No,Unk.,No,Cross intersection,Serious injury accident,60 km/hr,144.98567,-37.78118,YARRA,METROPOLITAN NORTH WEST REGION,2,1,0,1,0,1,0,2,1,0,1,0,0,0,0,0,0,0,0,1,No,0,2,0,1,0,0,Metropolitan Excluding CBD
12/04/2013,06.15.00,No,Collision with vehicle,REAR END(VEHICLES IN SAME LANE),No,Dusk/Dawn,No,Not at intersection,Other injury accident,60 km/hr,144.69295,-37.82339,WYNDHAM,METROPOLITAN NORTH WEST REGION,2,2,0,0,2,0,1,1,0,0,2,0,0,0,0,0,0,0,0,0,No,0,2,0,2,0,0,Country
12/04/2013,07.30.00,No,Collision with vehicle,REAR END(VEHICLES IN SAME LANE),No,Day,No,T intersection,Other injury accident,80 km/hr,145.14148,-37.92338,MONASH,METROPOLITAN SOUTH EAST REGION,3,1,0,0,1,2,3,0,0,0,3,0,0,0,0,0,0,0,0,0,No,0,3,1,2,0,0,Metropolitan Excluding CBD
12/04/2013,15.05.00,No,Collision with vehicle,CROSS TRAFFIC(INTERSECTIONS ONLY),No,Day,Yes,Cross intersection,Other injury accident,50 km/hr,144.96421,-37.78113,YARRA,METROPOLITAN NORTH WEST REGION,2,1,0,0,1,1,1,1,1,0,1,0,0,0,0,0,0,0,0,0,No,0,2,0,1,0,0,Metropolitan Excluding CBD
12/04/2013,04.30.00,Yes,Collision with vehicle,LANE CHANGE LEFT (NOT OVERTAKING),No,Dark Street lights on,Yes,Not at intersection,Other injury accident,40 km/hr,144.89579,-37.69961,HUME,METROPOLITAN NORTH WEST REGION,2,1,0,0,1,1,1,1,0,0,2,0,0,0,0,0,0,0,0,0,No,0,2,1,1,0,0,Metropolitan Excluding CBD
12/04/2013,06.55.00,No,Collision with vehicle,LEFT NEAR (INTERSECTIONS ONLY),No,Dusk/Dawn,Yes,Cross intersection,Serious injury accident,50 km/hr,144.31118,-38.16156,GEELONG,SOUTH WESTERN REGION,2,1,0,1,0,1,1,1,1,0,1,0,0,0,0,0,0,0,0,0,No,0,2,0,1,0,0,Large Provincial Cities
12/04/2013,08.58.00,No,Collision with vehicle,LANE SIDE SWIPE (VEHICLES IN PARALLEL LANES),No,Day,Yes,Not at intersection,Other injury accident,100 km/hr,144.90374,-37.73542,MOONEE VALLEY,METROPOLITAN NORTH WEST REGION,4,1,0,0,1,3,4,0,0,0,4,0,0,0,0,0,0,0,0,1,No,0,4,2,1,0,1,Metropolitan Excluding CBD
12/04/2013,12.07.00,No,Collision with vehicle,REAR END(VEHICLES IN SAME LANE),No,Day,No,T intersection,Other injury accident,Not known,144.67884,-37.87718,WYNDHAM,METROPOLITAN NORTH WEST REGION,2,1,0,0,1,1,0,2,0,0,2,0,0,0,0,0,0,0,0,1,No,0,2,0,2,0,0,Metropolitan Excluding CBD
12/04/2013,08.54.00,No,Collision with vehicle,LANE SIDE SWIPE (VEHICLES IN PARALLEL LANES),Yes,Day,Yes,Cross intersection,Other injury accident,60 km/hr,145.0032,-37.92056,BAYSIDE,METROPOLITAN SOUTH EAST REGION,2,1,0,0,1,1,0,1,1,0,1,0,0,0,0,0,0,0,0,0,No,0,2,0,0,0,0,Metropolitan Excluding CBD
12/04/2013,11.52.00,No,Collision with vehicle,RIGHT THROUGH,No,Day,Yes,Not at intersection,Other injury accident,40 km/hr,144.9557,-37.81979,MELBOURNE,METROPOLITAN NORTH WEST REGION,2,1,0,0,1,1,2,0,0,0,1,0,0,1,0,0,0,0,0,0,No,0,2,0,1,1,0,Metropolitan CBD Only
12/04/2013,09.30.00,No,Collision with vehicle,RIGHT NEAR (INTERSECTIONS ONLY),No,Day,Yes,T intersection,Other injury accident,60 km/hr,144.34241,-38.19567,GEELONG,SOUTH WESTERN REGION,3,2,0,0,2,1,1,2,0,1,2,0,0,0,0,0,0,0,0,0,No,0,2,1,1,0,0,Large Provincial Cities
12/04/2013,13.40.00,No,Vehicle overturned (no collision),OFF CARRIAGEWAY TO LEFT,No,Day,Yes,Not at intersection,Serious injury accident,90 km/hr,144.52869,-37.39669,MACEDON RANGES,NORTHERN REGION,1,1,0,1,0,0,1,0,0,0,0,0,0,1,0,0,0,0,0,0,No,0,1,0,0,1,0,Country
12/04/2013,13.00.00,No,Vehicle overturned (no collision),OUT OF CONTROL ON CARRIAGEWAY (ON STRAIGHT),No,Day,Yes,Cross intersection,Serious injury accident,60 km/hr,143.81046,-37.56983,BALLARAT,WESTERN REGION,1,1,0,1,0,0,1,0,0,0,0,0,0,1,0,0,0,0,0,0,No,0,1,0,0,1,0,Large Provincial Cities
12/04/2013,10.35.00,No,Collision with vehicle,HEAD ON (NOT OVERTAKING),No,Day,Yes,T intersection,Fatal accident,100 km/hr,144.76957,-37.60654,HUME,METROPOLITAN NORTH WEST REGION,4,2,2,0,0,2,1,3,0,1,3,0,0,0,0,0,0,0,1,0,No,0,3,0,3,0,0,Country
12/04/2013,15.40.00,No,Collision with vehicle,REAR END(VEHICLES IN SAME LANE),No,Day,Yes,Not at intersection,Other injury accident,80 km/hr,145.27219,-38.07547,CASEY,METROPOLITAN SOUTH EAST REGION,5,3,0,0,3,2,1,4,0,3,2,0,0,0,0,0,0,0,0,0,No,0,2,0,2,0,0,Metropolitan Excluding CBD
12/04/2013,15.32.00,No,Struck Pedestrian,PED NEAR SIDE. PED HIT BY VEHICLE FROM THE RIGHT.,No,Day,Yes,Not at intersection,Serious injury accident,60 km/hr,145.13973,-37.81384,WHITEHORSE,METROPOLITAN SOUTH EAST REGION,2,1,0,1,0,1,1,1,0,0,1,1,0,0,0,0,0,0,0,0,No,0,1,0,1,0,0,Metropolitan Excluding CBD
12/04/2013,14.10.00,No,Collision with vehicle,HEAD ON (NOT OVERTAKING),No,Day,Yes,Not at intersection,Serious injury accident,80 km/hr,143.7263,-37.6847,GOLDEN PLAINS,SOUTH WESTERN REGION,3,2,0,1,1,1,2,1,0,1,2,0,0,0,0,0,0,0,0,0,No,0,2,0,2,0,0,Country
12/04/2013,17.00.00,Yes,Collision with vehicle,REAR END(VEHICLES IN SAME LANE),No,Day,No,Cross intersection,Other injury accident,50 km/hr,144.96407,-37.8345,PORT PHILLIP,METROPOLITAN NORTH WEST REGION,3,1,0,0,1,2,3,0,0,0,3,0,0,0,0,0,0,0,0,1,No,0,3,0,3,0,0,Metropolitan Excluding CBD
12/04/2013,17.29.00,Yes,Collision with vehicle,REAR END(VEHICLES IN SAME LANE),No,Dusk/Dawn,Yes,Cross intersection,Serious injury accident,50 km/hr,145.22215,-37.9777,DANDENONG,METROPOLITAN SOUTH EAST REGION,3,1,0,1,0,2,1,2,0,0,3,0,0,0,0,0,0,0,0,1,No,0,3,0,3,0,0,Metropolitan Excluding CBD
12/04/2013,14.45.00,No,Collision with a fixed object,LEFT OFF CARRIAGEWAY INTO OBJECT/PARKED VEHICLE,No,Day,Yes,Not at intersection,Other injury accident,100 km/hr,146.65221,-36.26816,INDIGO,NORTH EASTERN REGION,1,1,0,0,1,0,0,1,0,0,1,0,0,0,0,0,0,0,1,0,No,0,1,0,1,0,0,Country
12/04/2013,15.40.00,No,Collision with vehicle,REAR END(VEHICLES IN SAME LANE),No,Day,Yes,Not at intersection,Other injury accident,80 km/hr,145.27216,-38.07543,CASEY,METROPOLITAN SOUTH EAST REGION,14,3,0,0,3,11,7,7,0,11,3,0,0,0,0,0,0,0,0,0,No,0,3,0,3,0,0,Metropolitan Excluding CBD
12/04/2013,17.30.00,Yes,Struck Pedestrian,ANY MANOEUVRE INVOLVING PED NOT INCLUDED IN DCAs 100-108.,No,Dusk/Dawn,Yes,T intersection,Serious injury accident,60 km/hr,145.0157,-37.67031,WHITTLESEA,METROPOLITAN NORTH WEST REGION,2,1,0,1,0,1,2,0,0,0,1,1,0,0,0,0,0,1,0,0,No,0,1,0,1,0,0,Metropolitan Excluding CBD
12/04/2013,18.00.00,Yes,Collision with vehicle,RIGHT THROUGH,No,Dusk/Dawn,Yes,Not at intersection,Serious injury accident,60 km/hr,145.04713,-37.82402,BOROONDARA,METROPOLITAN SOUTH EAST REGION,2,1,0,1,0,1,1,1,1,0,1,0,0,0,0,0,0,0,0,0,No,0,2,0,1,0,0,Metropolitan Excluding CBD
12/04/2013,18.00.00,Yes,Collision with vehicle,HEAD ON (NOT OVERTAKING),No,Dark Street lights on,Yes,Not at intersection,Other injury accident,50 km/hr,145.06972,-37.79086,BOROONDARA,METROPOLITAN SOUTH EAST REGION,3,1,0,0,1,2,1,2,0,1,1,0,0,1,0,0,0,0,0,0,No,0,2,0,1,1,0,Metropolitan Excluding CBD
12/04/2013,16.25.00,Yes,Collision with vehicle,RIGHT THROUGH,No,Dusk/Dawn,Yes,Cross intersection,Other injury accident,60 km/hr,144.29222,-36.76788,BENDIGO,NORTHERN REGION,3,1,0,0,1,2,2,1,0,1,2,0,0,0,0,0,0,0,0,1,No,0,2,0,2,0,0,Large Provincial Cities
12/04/2013,17.20.00,Yes,Collision with a fixed object,LEFT OFF CARRIAGEWAY INTO OBJECT/PARKED VEHICLE,No,Dusk/Dawn,Yes,Not at intersection,Serious injury accident,100 km/hr,142.48517,-38.171,MOYNE,SOUTH WESTERN REGION,2,2,0,1,1,0,0,2,0,1,1,0,0,0,0,0,0,0,0,0,Yes,0,1,0,1,0,0,Country
12/04/2013,16.15.00,Yes,Collision with vehicle,RIGHT REAR.,No,Day,Yes,T intersection,Other injury accident,80 km/hr,147.6412,-37.80788,EAST GIPPSLAND,EASTERN REGION,4,1,0,0,1,3,3,1,0,2,2,0,0,0,0,0,0,0,0,0,No,0,2,0,2,0,0,Small Provincial Cities
12/04/2013,19.04.00,Yes,Collision with vehicle,RIGHT THROUGH,No,Dark Street lights on,Yes,Cross intersection,Other injury accident,60 km/hr,144.97434,-37.75977,MORELAND,METROPOLITAN NORTH WEST REGION,2,1,0,0,1,1,1,1,0,0,1,0,0,1,0,0,0,0,0,1,No,0,2,0,1,1,0,Metropolitan Excluding CBD
12/04/2013,19.20.00,Yes,Collision with vehicle,REAR END(VEHICLES IN SAME LANE),No,Dark Street lights on,Yes,Not at intersection,Other injury accident,60 km/hr,144.92379,-37.72827,MORELAND,METROPOLITAN NORTH WEST REGION,7,3,0,0,3,4,2,5,0,5,2,0,0,0,0,0,0,0,0,2,No,0,2,0,2,0,0,Metropolitan Excluding CBD
12/04/2013,17.55.00,Yes,Collision with vehicle,RIGHT THROUGH,No,Dusk/Dawn,Yes,Cross intersection,Fatal accident,50 km/hr,145.34605,-37.75663,YARRA RANGES,METROPOLITAN SOUTH EAST REGION,3,2,1,1,0,1,3,0,0,0,1,0,0,2,0,0,0,0,0,0,No,0,3,0,1,2,0,Metropolitan Excluding CBD
12/04/2013,17.40.00,Yes,Collision with vehicle,U TURN,No,Day,Yes,Not at intersection,Serious injury accident,40 km/hr,145.00091,-37.81874,YARRA,METROPOLITAN NORTH WEST REGION,4,2,0,1,1,2,1,3,0,2,2,0,0,0,0,0,0,0,0,0,No,0,2,0,1,0,1,Metropolitan Excluding CBD
12/04/2013,18.20.00,Yes,Struck Pedestrian,PED NEAR SIDE. PED HIT BY VEHICLE FROM THE RIGHT.,No,Dusk/Dawn,Yes,Cross intersection,Fatal accident,60 km/hr,145.05557,-37.87688,STONNINGTON,METROPOLITAN SOUTH EAST REGION,2,1,1,0,0,1,1,1,0,0,1,1,0,0,0,0,0,1,0,0,Yes,0,1,0,1,0,0,Metropolitan Excluding CBD
12/04/2013,22.45.00,Yes,Collision with a fixed object,OFF RIGHT BEND INTO OBJECT/PARKED VEHICLE,No,Dark Street lights on,Yes,Not at intersection,Serious injury accident,50 km/hr,145.14998,-38.13922,FRANKSTON,METROPOLITAN SOUTH EAST REGION,1,1,0,1,0,0,1,0,0,0,1,0,0,0,0,0,0,0,0,0,Yes,0,1,0,1,0,0,Metropolitan Excluding CBD
12/04/2013,23.38.00,Yes,Collision with a fixed object,LEFT OFF CARRIAGEWAY INTO OBJECT/PARKED VEHICLE,No,Dark No street lights,Yes,Not at intersection,Serious injury accident,100 km/hr,144.29203,-36.81096,BENDIGO,NORTHERN REGION,2,2,0,2,0,0,2,0,0,1,1,0,0,0,0,0,0,0,0,0,Yes,0,1,0,1,0,0,Country
12/04/2013,05.51.00,Yes,Collision with vehicle,REAR END(VEHICLES IN SAME LANE),No,Dusk/Dawn,Yes,Cross intersection,Serious injury accident,70 km/hr,144.70716,-37.84607,WYNDHAM,METROPOLITAN NORTH WEST REGION,2,1,0,1,0,1,2,0,0,0,2,0,0,0,0,0,0,0,0,0,No,0,2,0,2,0,0,Metropolitan Excluding CBD
12/04/2013,19.18.00,Yes,Collision with vehicle,RIGHT REAR.,No,Dark Street lights on,Yes,Not at intersection,Other injury accident,60 km/hr,142.12917,-34.2007,MILDURA,WESTERN REGION,3,1,0,0,1,2,2,1,0,1,2,0,0,0,0,0,0,0,0,2,No,0,2,0,2,0,0,Small Provincial Cities
12/04/2013,13.30.00,No,Collision with vehicle,HEAD ON (NOT OVERTAKING),No,Day,Yes,T intersection,Serious injury accident,100 km/hr,146.68545,-36.52678,ALPINE,NORTH EASTERN REGION,2,1,0,1,0,1,2,0,0,0,2,0,0,0,0,0,0,0,0,0,No,0,2,1,1,0,0,Country
12/04/2013,12.30.00,No,Collision with vehicle,RIGHT REAR.,No,Day,Yes,Not at intersection,Other injury accident,60 km/hr,145.07759,-37.83378,BOROONDARA,METROPOLITAN SOUTH EAST REGION,2,1,0,0,1,1,1,1,0,0,2,0,0,0,0,0,0,0,1,0,No,0,2,0,2,0,0,Metropolitan Excluding CBD
12/04/2013,06.30.00,No,Collision with vehicle,REAR END(VEHICLES IN SAME LANE),No,Dusk/Dawn,No,Not at intersection,Other injury accident,100 km/hr,144.8071,-37.83412,WYNDHAM,METROPOLITAN NORTH WEST REGION,3,1,0,0,1,2,2,1,0,0,3,0,0,0,0,0,0,0,0,2,No,0,3,0,3,0,0,Metropolitan Excluding CBD
12/04/2013,14.10.00,No,Fall from or in moving vehicle,FELL IN/FROM VEHICLE,No,Day,No,Not at intersection,Serious injury accident,50 km/hr,145.0555,-37.7972,BOROONDARA,METROPOLITAN SOUTH EAST REGION,2,1,0,1,0,1,0,2,0,1,1,0,0,0,0,0,0,0,1,0,No,0,1,0,1,0,0,Metropolitan Excluding CBD
12/04/2013,15.40.00,No,Collision with vehicle,REAR END(VEHICLES IN SAME LANE),No,Day,Yes,Not at intersection,Other injury accident,60 km/hr,145.07224,-37.97758,KINGSTON,METROPOLITAN SOUTH EAST REGION,3,1,0,0,1,2,2,1,0,0,3,0,0,0,0,0,0,0,0,0,No,0,3,0,3,0,0,Metropolitan Excluding CBD
12/04/2013,10.30.00,No,Collision with vehicle,REAR END(VEHICLES IN SAME LANE),No,Day,No,Cross intersection,Other injury accident,60 km/hr,144.90641,-37.7606,MOONEE VALLEY,METROPOLITAN NORTH WEST REGION,3,2,0,0,2,1,2,1,0,0,3,0,0,0,0,0,0,0,0,0,No,0,3,0,3,0,0,Metropolitan Excluding CBD
12/04/2013,11.00.00,No,Collision with vehicle,VEHICLE OFF FOOTPATH STRIKES VEH ON CARRIAGEWAY,No,Day,No,Cross intersection,Other injury accident,60 km/hr,144.99648,-37.85228,STONNINGTON,METROPOLITAN SOUTH EAST REGION,2,1,0,0,1,1,1,1,1,0,1,0,0,0,0,0,0,0,0,0,No,0,2,1,0,0,0,Metropolitan Excluding CBD
13/04/2013,10.00.00,No,Collision with a fixed object,OFF RIGHT BEND INTO OBJECT/PARKED VEHICLE,No,Day,No,Not at intersection,Other injury accident,60 km/hr,145.66472,-37.83,YARRA RANGES,METROPOLITAN SOUTH EAST REGION,1,1,0,0,1,0,1,0,0,0,0,0,0,1,0,0,0,0,0,0,No,0,1,0,0,1,0,Country
13/04/2013,20.45.00,Yes,Collision with a fixed object,LEFT OFF CARRIAGEWAY INTO OBJECT/PARKED VEHICLE,No,Dark Street lights on,No,Cross intersection,Other injury accident,50 km/hr,144.9581,-37.83372,PORT PHILLIP,METROPOLITAN NORTH WEST REGION,1,1,0,0,1,0,0,1,0,0,1,0,0,0,0,0,0,0,0,1,No,0,1,0,1,0,0,Metropolitan Excluding CBD
13/04/2013,08.30.00,No,Collision with a fixed object,LEFT OFF CARRIAGEWAY INTO OBJECT/PARKED VEHICLE,No,Day,Yes,Not at intersection,Serious injury accident,100 km/hr,145.29163,-38.00073,CASEY,METROPOLITAN SOUTH EAST REGION,1,1,0,1,0,0,0,1,0,0,1,0,0,0,0,0,0,0,0,0,No,0,1,0,1,0,0,Metropolitan Excluding CBD
13/04/2013,10.20.00,No,Collision with vehicle,REAR END(VEHICLES IN SAME LANE),Yes,Day,Yes,T intersection,Other injury accident,60 km/hr,145.1931,-37.93487,MONASH,METROPOLITAN SOUTH EAST REGION,5,1,0,0,1,4,2,1,0,1,4,0,0,0,0,0,0,0,0,0,No,0,4,1,3,0,0,Metropolitan Excluding CBD
13/04/2013,14.00.00,Yes,Collision with vehicle,U TURN,No,Day,Yes,Not at intersection,Other injury accident,100 km/hr,145.90507,-37.02242,MANSFIELD,NORTH EASTERN REGION,3,1,0,0,1,2,1,2,0,1,2,0,0,0,0,0,0,0,0,1,No,0,2,0,2,0,0,Country
13/04/2013,19.30.00,Yes,No collision and no object struck,OUT OF CONTROL ON CARRIAGEWAY (ON STRAIGHT),No,Dark No street lights,Yes,T intersection,Serious injury accident,100 km/hr,142.11561,-34.2237,MILDURA,WESTERN REGION,1,1,0,1,0,0,1,0,0,0,0,0,0,1,0,0,0,0,0,0,No,0,1,0,0,1,0,Country
13/04/2013,18.15.00,Yes,Collision with vehicle,RIGHT REAR.,No,Dark No street lights,Yes,Cross intersection,Other injury accident,80 km/hr,145.96091,-36.56921,BENALLA,NORTH EASTERN REGION,2,2,0,0,2,0,1,1,0,0,2,0,0,0,0,0,0,0,0,1,No,0,2,0,2,0,0,Other Towns
13/04/2013,19.00.00,Yes,Collision with vehicle,CROSS TRAFFIC(INTERSECTIONS ONLY),No,Dark Street lights on,Yes,Cross intersection,Other injury accident,60 km/hr,145.06405,-37.90291,GLEN EIRA,METROPOLITAN SOUTH EAST REGION,5,1,0,0,1,4,1,4,0,3,2,0,0,0,0,0,0,0,0,1,No,0,2,0,2,0,0,Metropolitan Excluding CBD
13/04/2013,16.30.00,Yes,Collision with vehicle,REAR END(VEHICLES IN SAME LANE),No,Day,No,Not at intersection,Other injury accident,40 km/hr,144.9621,-37.76722,MORELAND,METROPOLITAN NORTH WEST REGION,3,1,0,0,1,2,0,2,0,1,2,0,0,0,0,0,0,0,0,1,No,0,2,0,2,0,0,Metropolitan Excluding CBD
13/04/2013,20.05.00,Yes,Collision with a fixed object,LEFT OFF CARRIAGEWAY INTO OBJECT/PARKED VEHICLE,No,Dark Street lights on,Yes,T intersection,Other injury accident,80 km/hr,146.52463,-38.20172,LATROBE,EASTERN REGION,1,1,0,0,1,0,1,0,0,0,1,0,0,0,0,0,0,0,0,0,No,0,1,0,1,0,0,Small Provincial Cities
13/04/2013,21.25.00,Yes,Collision with vehicle,HEAD ON (NOT OVERTAKING),Yes,Dark No street lights,Yes,Not at intersection,Serious injury accident,110 km/hr,146.31231,-38.20594,LATROBE,EASTERN REGION,3,1,0,1,0,2,3,0,0,0,3,0,0,0,0,0,0,0,0,0,No,0,3,0,3,0,0,Country
13/04/2013,21.50.00,Yes,Struck Pedestrian,PED NEAR SIDE. PED HIT BY VEHICLE FROM THE RIGHT.,Yes,Dark No street lights,Yes,Not at intersection,Serious injury accident,50 km/hr,144.97107,-37.77727,MORELAND,METROPOLITAN NORTH WEST REGION,2,1,0,1,0,1,2,0,0,0,0,1,0,1,0,0,0,0,0,0,No,0,1,0,0,1,0,Metropolitan Excluding CBD
13/04/2013,00.00.00,Yes,Collision with vehicle,RIGHT FAR (INTERSECTIONS ONLY),No,Dark Street lights on,Yes,T intersection,Serious injury accident,80 km/hr,145.33913,-38.05562,CASEY,METROPOLITAN SOUTH EAST REGION,5,1,0,1,0,4,1,4,0,3,2,0,0,0,0,0,0,0,0,2,No,0,2,0,2,0,0,Metropolitan Excluding CBD
13/04/2013,23.40.00,Yes,Collision with vehicle,CROSS TRAFFIC(INTERSECTIONS ONLY),No,Dark Street lights on,Yes,Cross intersection,Other injury accident,60 km/hr,145.04609,-37.75114,BANYULE,METROPOLITAN NORTH WEST REGION,9,7,0,0,7,2,3,6,0,6,3,0,0,0,0,0,0,0,0,0,No,0,3,0,3,0,0,Metropolitan Excluding CBD
13/04/2013,12.30.00,No,Collision with vehicle,RIGHT NEAR (INTERSECTIONS ONLY),No,Day,Yes,Cross intersection,Other injury accident,60 km/hr,145.11401,-37.82228,WHITEHORSE,METROPOLITAN SOUTH EAST REGION,6,3,0,0,3,3,0,6,0,4,2,0,0,0,0,0,0,0,0,0,No,0,2,0,2,0,0,Metropolitan Excluding CBD
13/04/2013,17.55.00,Yes,Collision with a fixed object,RIGHT OFF CARRIAGEWAY INTO OBJECT/PARKED VEHICLE,No,Dark No street lights,Yes,Not at intersection,Serious injury accident,100 km/hr,147.74009,-37.27639,EAST GIPPSLAND,EASTERN REGION,2,1,0,1,0,1,2,0,0,1,1,0,0,0,0,0,0,0,0,0,Yes,0,1,0,1,0,0,Country
13/04/2013,12.05.00,No,Collision with vehicle,RIGHT NEAR (INTERSECTIONS ONLY),No,Day,Yes,T intersection,Other injury accident,60 km/hr,145.05539,-37.81689,BOROONDARA,METROPOLITAN SOUTH EAST REGION,2,1,0,0,1,1,0,2,0,0,2,0,0,0,0,0,0,0,0,0,No,0,2,0,2,0,0,Metropolitan Excluding CBD