ACCIDENT_DATE,ACCIDENT_TIME,ALCOHOLTIME,ACCIDENT_TYPE,DCA_CODE,HIT_RUN_FLAG,LIGHT_CONDITION,POLICE_ATTEND,ROAD_GEOMETRY,SEVERITY,SPEED_ZONE,LONGITUDE,LATITUDE,LGA_NAME,REGION_NAME,TOTAL_PERSONS,INJ_OR_FATAL,FATALITY,SERIOUSINJURY,OTHERINJURY,NONINJURED,MALES,FEMALES,BICYCLIST,PASSENGER,DRIVER,PEDESTRIAN,PILLION,MOTORIST,UNKNOWN,PED_CYCLIST_5_12,PED_CYCLIST_13_18,OLD_PEDESTRIAN,OLD_DRIVER,YOUNG_DRIVER,ALCOHOL_RELATED,UNLICENCSED,NO_OF_VEHICLES,HEAVYVEHICLE,PASSENGERVEHICLE,MOTORCYCLE,PUBLICVEHICLE,DEG_URBAN_NAME
13/04/2013,14.15.00,Yes,Collision with vehicle,RIGHT NEAR (INTERSECTIONS ONLY),No,Day,No,T intersection,Other injury accident,60 km/hr,145.24927,-37.79558,MAROONDAH,METROPOLITAN SOUTH EAST REGION,4,1,0,0,1,3,3,1,0,2,2,0,0,0,0,0,0,0,0,0,No,0,2,0,2,0,0,Metropolitan Excluding CBD
13/04/2013,19.19.00,Yes,Collision with a fixed object,OFF RIGHT BEND INTO OBJECT/PARKED VEHICLE,No,Dark Street lights on,Yes,T intersection,Other injury accident,60 km/hr,145.19013,-38.12402,FRANKSTON,METROPOLITAN SOUTH EAST REGION,1,1,0,0,1,0,1,0,0,0,1,0,0,0,0,0,0,0,0,0,Yes,0,1,0,1,0,0,Metropolitan Excluding CBD
13/04/2013,22.30.00,Yes,Collision with a fixed object,RIGHT OFF CARRIAGEWAY INTO OBJECT/PARKED VEHICLE,No,Dark No street lights,No,Not at intersection,Other injury accident,Not known,145.77543,-37.78904,YARRA RANGES,METROPOLITAN SOUTH EAST REGION,2,1,0,0,1,1,1,1,0,1,1,0,0,0,0,0,0,0,0,1,No,0,1,0,1,0,0,Country
13/04/2013,09.40.00,No,Collision with vehicle,REAR END(VEHICLES IN SAME LANE),No,Day,No,Cross intersection,Other injury accident,50 km/hr,144.9385,-37.73151,MORELAND,METROPOLITAN NORTH WEST REGION,2,1,0,0,1,1,0,2,0,0,2,0,0,0,0,0,0,0,0,0,No,0,2,0,2,0,0,Metropolitan Excluding CBD
13/04/2013,00.30.00,Yes,Struck Pedestrian,PED NEAR SIDE. PED HIT BY VEHICLE FROM THE RIGHT.,No,Unk.,No,Cross intersection,Other injury accident,Not known,144.98178,-37.8641,PORT PHILLIP,METROPOLITAN NORTH WEST REGION,2,1,0,0,1,1,0,1,0,0,1,1,0,0,0,0,0,0,0,0,No,0,1,0,1,0,0,Metropolitan Excluding CBD
13/04/2013,19.20.00,Yes,Collision with vehicle,RIGHT THROUGH,No,Dusk/Dawn,No,Not at intersection,Serious injury accident,60 km/hr,144.77581,-37.87141,HOBSONS BAY,METROPOLITAN NORTH WEST REGION,3,1,0,1,0,2,1,2,0,1,2,0,0,0,0,0,0,0,0,0,No,0,2,0,2,0,0,Metropolitan Excluding CBD
13/04/2013,12.45.00,No,Collision with vehicle,RIGHT THROUGH,Yes,Unk.,No,Cross intersection,Serious injury accident,50 km/hr,144.97085,-37.77724,MORELAND,METROPOLITAN NORTH WEST REGION,2,1,0,1,0,1,1,0,1,0,0,0,0,0,1,0,0,0,0,0,No,0,2,0,0,0,0,Metropolitan Excluding CBD
13/04/2013,20.50.00,Yes,Collision with vehicle,CROSS TRAFFIC(INTERSECTIONS ONLY),No,Dark Street lights on,Yes,Cross intersection,Other injury accident,60 km/hr,144.74001,-37.75257,MELTON,METROPOLITAN NORTH WEST REGION,2,1,0,0,1,1,0,2,0,0,2,0,0,0,0,0,0,0,0,1,No,0,2,0,2,0,0,Metropolitan Excluding CBD
14/04/2013,13.35.00,No,Collision with vehicle,VEHICLE STRIKES DOOR OF PARKED/STATIONARY VEHICLE,No,Day,No,T intersection,Other injury accident,60 km/hr,144.99775,-37.82668,YARRA,METROPOLITAN NORTH WEST REGION,2,1,0,0,1,1,1,1,1,0,1,0,0,0,0,0,0,0,0,0,No,0,2,0,1,0,0,Metropolitan Excluding CBD
14/04/2013,16.00.00,Yes,Collision with vehicle,VEHICLE COLLIDES WITH VEHICLE PARKED ON LEFT OF ROAD,No,Day,No,T intersection,Serious injury accident,50 km/hr,144.92559,-37.75588,MOONEE VALLEY,METROPOLITAN NORTH WEST REGION,2,1,0,1,0,1,1,0,1,0,0,0,0,0,1,0,0,0,0,0,No,0,3,0,0,0,0,Metropolitan Excluding CBD
14/04/2013,17.45.00,Yes,No collision and no object struck,OUT OF CONTROL ON CARRIAGEWAY (ON STRAIGHT),No,Dusk/Dawn,No,Not at intersection,Serious injury accident,60 km/hr,144.94414,-37.76277,MORELAND,METROPOLITAN NORTH WEST REGION,1,1,0,1,0,0,1,0,0,0,0,0,0,1,0,0,0,0,0,0,No,0,1,0,0,1,0,Metropolitan Excluding CBD
14/04/2013,02.40.00,Yes,Collision with a fixed object,RIGHT OFF CARRIAGEWAY INTO OBJECT/PARKED VEHICLE,No,Dark Street lights on,Yes,Not at intersection,Serious injury accident,70 km/hr,144.80958,-37.83012,WYNDHAM,METROPOLITAN NORTH WEST REGION,2,2,0,1,1,0,1,1,0,1,1,0,0,0,0,0,0,0,0,0,No,0,1,0,1,0,0,Metropolitan Excluding CBD
14/04/2013,05.00.00,Yes,Collision with vehicle,REAR END(VEHICLES IN SAME LANE),No,Dark Street lights on,Yes,Cross intersection,Serious injury accident,70 km/hr,144.99577,-37.74937,DAREBIN,METROPOLITAN NORTH WEST REGION,2,2,0,1,1,0,2,0,0,0,2,0,0,0,0,0,0,0,0,0,Yes,0,2,0,2,0,0,Metropolitan Excluding CBD
14/04/2013,04.49.00,Yes,Collision with vehicle,ACCIDENT OR BROKEN DOWN,No,Dark No street lights,Yes,Not at intersection,Serious injury accident,100 km/hr,145.17256,-37.91907,MONASH,METROPOLITAN SOUTH EAST REGION,3,3,0,2,1,0,2,1,0,1,2,0,0,0,0,0,0,0,0,1,No,0,2,0,2,0,0,Metropolitan Excluding CBD
14/04/2013,09.30.00,Yes,Vehicle overturned (no collision),OUT OF CONTROL ON CARRIAGEWAY (ON STRAIGHT),No,Day,Yes,Cross intersection,Other injury accident,60 km/hr,144.0034,-38.23546,SURF COAST,SOUTH WESTERN REGION,1,1,0,0,1,0,1,0,0,0,0,0,0,1,0,0,0,0,0,0,No,0,1,0,0,1,0,Other Towns
14/04/2013,06.00.00,Yes,Collision with a fixed object,RIGHT OFF CARRIAGEWAY INTO OBJECT/PARKED VEHICLE,Yes,Dusk/Dawn,No,Not at intersection,Serious injury accident,50 km/hr,145.16855,-37.78992,MANNINGHAM,METROPOLITAN SOUTH EAST REGION,1,1,0,1,0,0,1,0,0,0,1,0,0,0,0,0,0,0,0,1,No,0,1,0,1,0,0,Metropolitan Excluding CBD
14/04/2013,11.31.00,No,No collision and no object struck,OFF CARRIAGEWAY ON RIGHT BEND,No,Day,Yes,Not at intersection,Serious injury accident,100 km/hr,146.36884,-36.76354,WANGARATTA,NORTH EASTERN REGION,2,1,0,1,0,1,2,0,0,0,0,0,1,1,0,0,0,0,0,0,No,0,1,0,0,1,0,Country
14/04/2013,12.50.00,No,Collision with vehicle,LEFT NEAR (INTERSECTIONS ONLY),No,Day,Yes,Cross intersection,Other injury accident,60 km/hr,146.86863,-36.11485,WODONGA,NORTH EASTERN REGION,2,1,0,0,1,1,1,1,0,0,1,0,0,1,0,0,0,0,0,0,No,0,2,0,1,1,0,Small Provincial Cities
14/04/2013,12.34.00,No,Struck Pedestrian,PED NEAR SIDE. PED HIT BY VEHICLE FROM THE RIGHT.,No,Day,Yes,Not at intersection,Serious injury accident,50 km/hr,145.17739,-37.88399,MONASH,METROPOLITAN SOUTH EAST REGION,3,1,0,1,0,2,1,2,0,1,1,1,0,0,0,0,0,0,0,0,No,0,1,0,1,0,0,Metropolitan Excluding CBD
14/04/2013,12.45.00,No,Collision with vehicle,HEAD ON (NOT OVERTAKING),No,Day,Yes,Not at intersection,Other injury accident,100 km/hr,145.32021,-37.44422,MURRINDINDI,NORTH EASTERN REGION,3,1,0,0,1,2,3,0,0,1,1,0,0,1,0,0,0,0,0,1,No,0,2,0,1,1,0,Country
14/04/2013,11.15.00,No,Vehicle overturned (no collision),OFF CARRIAGEWAY TO RIGHT,No,Day,Yes,Not at intersection,Serious injury accident,110 km/hr,144.25032,-37.00818,MOUNT ALEXANDER,NORTHERN REGION,1,1,0,1,0,0,1,0,0,0,1,0,0,0,0,0,0,0,0,0,No,0,1,0,1,0,0,Small Towns
14/04/2013,12.40.00,No,Collision with vehicle,REAR END(VEHICLES IN SAME LANE),Yes,Day,Yes,T intersection,Other injury accident,70 km/hr,145.31224,-37.77862,YARRA RANGES,METROPOLITAN SOUTH EAST REGION,4,1,0,0,1,3,2,2,0,1,3,0,0,0,0,0,0,0,0,0,No,0,3,0,2,0,0,Metropolitan Excluding CBD
14/04/2013,12.10.00,No,Collision with vehicle,REAR END(VEHICLES IN SAME LANE),No,Day,Yes,T intersection,Other injury accident,60 km/hr,144.96605,-37.73565,MORELAND,METROPOLITAN NORTH WEST REGION,3,1,0,0,1,2,2,1,0,1,2,0,0,0,0,0,0,0,0,1,No,0,2,0,2,0,0,Metropolitan Excluding CBD
14/04/2013,13.30.00,No,Collision with vehicle,CROSS TRAFFIC(INTERSECTIONS ONLY),No,Day,Yes,Cross intersection,Other injury accident,80 km/hr,145.43185,-36.41049,SHEPPARTON,NORTH EASTERN REGION,4,3,0,0,3,1,2,2,0,1,3,0,0,0,0,0,0,0,1,0,No,0,3,1,2,0,0,Small Provincial Cities
14/04/2013,11.30.00,No,Collision with vehicle,REAR END(VEHICLES IN SAME LANE),No,Day,No,Cross intersection,Other injury accident,Not known,145.27644,-38.08224,CASEY,METROPOLITAN SOUTH EAST REGION,2,1,0,0,1,1,1,1,0,0,2,0,0,0,0,0,0,0,0,0,No,0,2,0,2,0,0,Metropolitan Excluding CBD
14/04/2013,14.10.00,No,Collision with a fixed object,RIGHT OFF CARRIAGEWAY INTO OBJECT/PARKED VEHICLE,No,Day,Yes,Not at intersection,Other injury accident,70 km/hr,145.0138,-37.86083,GLEN EIRA,METROPOLITAN SOUTH EAST REGION,1,1,0,0,1,0,1,0,0,0,1,0,0,0,0,0,0,0,0,0,No,1,1,0,1,0,0,Metropolitan Excluding CBD
14/04/2013,14.45.00,No,No collision and no object struck,OFF CARRIAGEWAY ON LEFT BEND,No,Day,Yes,Not at intersection,Other injury accident,100 km/hr,144.46649,-37.33564,MACEDON RANGES,NORTHERN REGION,1,1,0,0,1,0,0,1,0,0,0,0,0,1,0,0,0,0,0,0,No,0,1,0,0,1,0,Country
14/04/2013,15.05.00,No,Collision with a fixed object,OFF RIGHT BEND INTO OBJECT/PARKED VEHICLE,No,Day,Yes,Not at intersection,Other injury accident,100 km/hr,146.25513,-37.34203,MANSFIELD,NORTH EASTERN REGION,1,1,0,0,1,0,1,0,0,0,0,0,0,1,0,0,0,0,0,0,No,0,1,0,0,1,0,Country
14/04/2013,11.00.00,No,Vehicle overturned (no collision),OFF CARRIAGEWAY ON RIGHT BEND,No,Day,Yes,Not at intersection,Other injury accident,100 km/hr,147.44968,-36.71058,TOWONG,NORTH EASTERN REGION,1,1,0,0,1,0,1,0,0,0,1,0,0,0,0,0,0,0,0,0,No,0,1,0,1,0,0,Country
14/04/2013,16.30.00,Yes,Struck Pedestrian,FAR SIDE. PED HIT BY VEHICLE FROM THE LEFT,No,Day,Yes,T intersection,Serious injury accident,60 km/hr,144.96989,-37.80106,MELBOURNE,METROPOLITAN NORTH WEST REGION,4,1,0,1,0,3,4,0,0,2,1,1,0,0,0,0,0,0,0,1,No,0,1,0,1,0,0,Metropolitan Excluding CBD
14/04/2013,17.30.00,Yes,Collision with vehicle,HEAD ON (NOT OVERTAKING),No,Dusk/Dawn,Yes,Cross intersection,Other injury accident,70 km/hr,145.0114,-37.69485,DAREBIN,METROPOLITAN NORTH WEST REGION,4,1,0,0,1,3,3,1,0,2,2,0,0,0,0,0,0,0,0,0,No,0,2,0,2,0,0,Metropolitan Excluding CBD
14/04/2013,16.50.00,Yes,Vehicle overturned (no collision),OUT OF CONTROL ON CARRIAGEWAY (ON STRAIGHT),No,Day,Yes,Cross intersection,Other injury accident,40 km/hr,144.97085,-37.77724,MORELAND,METROPOLITAN NORTH WEST REGION,1,1,0,0,1,0,1,0,0,0,0,0,0,1,0,0,0,0,0,0,No,0,1,0,0,1,0,Metropolitan Excluding CBD
14/04/2013,17.35.00,Yes,No collision and no object struck,OUT OF CONTROL ON CARRIAGEWAY (ON STRAIGHT),No,Day,Yes,Not at intersection,Serious injury accident,60 km/hr,144.70869,-37.62884,MELTON,METROPOLITAN NORTH WEST REGION,1,1,0,1,0,0,1,0,0,0,0,0,0,1,0,0,0,0,0,0,No,0,1,0,0,1,0,Other Towns
14/04/2013,16.50.00,Yes,Vehicle overturned (no collision),OFF CARRIAGEWAY ON LEFT BEND,No,Day,Yes,Not at intersection,Serious injury accident,100 km/hr,144.95486,-37.40306,MITCHELL,NORTHERN REGION,1,1,0,1,0,0,1,0,0,0,1,0,0,0,0,0,0,0,0,1,No,0,1,0,1,0,0,Other Towns
14/04/2013,15.05.00,No,Collision with vehicle,REAR END(VEHICLES IN SAME LANE),No,Day,Yes,Not at intersection,Other injury accident,80 km/hr,145.09072,-37.70099,BANYULE,METROPOLITAN NORTH WEST REGION,3,2,0,0,2,1,0,3,0,0,3,0,0,0,0,0,0,0,0,1,No,0,3,0,3,0,0,Metropolitan Excluding CBD
14/04/2013,17.30.00,Yes,Collision with vehicle,HEAD ON (NOT OVERTAKING),No,Day,Yes,Not at intersection,Serious injury accident,80 km/hr,145.34194,-36.36728,SHEPPARTON,NORTH EASTERN REGION,8,6,0,2,4,2,5,3,0,5,3,0,0,0,0,0,0,0,1,0,No,0,3,0,3,0,0,Country
14/04/2013,16.00.00,Yes,No collision and no object struck,OUT OF CONTROL ON CARRIAGEWAY (ON BEND),No,Day,Yes,Not at intersection,Other injury accident,100 km/hr,146.83939,-37.04467,ALPINE,NORTH EASTERN REGION,1,1,0,0,1,0,1,0,0,0,0,0,0,1,0,0,0,0,0,0,No,0,1,0,0,1,0,Country
14/04/2013,17.28.00,Yes,Collision with a fixed object,LEFT OFF CARRIAGEWAY INTO OBJECT/PARKED VEHICLE,No,Day,Yes,Not at intersection,Other injury accident,Not known,145.18127,-38.02383,DANDENONG,METROPOLITAN SOUTH EAST REGION,2,1,0,0,1,1,1,0,0,0,1,0,0,0,1,0,0,0,0,0,No,0,2,0,1,0,0,Metropolitan Excluding CBD
14/04/2013,15.45.00,No,Collision with vehicle,RIGHT REAR.,No,Day,No,T intersection,Other injury accident,80 km/hr,144.68132,-37.9216,WYNDHAM,METROPOLITAN NORTH WEST REGION,3,2,0,0,2,1,2,1,0,1,2,0,0,0,0,0,0,0,0,1,No,0,2,0,2,0,0,Country
14/04/2013,01.30.00,Yes,Collision with a fixed object,LEFT OFF CARRIAGEWAY INTO OBJECT/PARKED VEHICLE,No,Dark Street lights on,Yes,Not at intersection,Serious injury accident,60 km/hr,145.15442,-37.94047,DANDENONG,METROPOLITAN SOUTH EAST REGION,1,1,0,1,0,0,1,0,0,0,1,0,0,0,0,0,0,0,0,0,Yes,0,1,0,1,0,0,Metropolitan Excluding CBD
14/04/2013,19.00.00,Yes,Collision with a fixed object,RIGHT OFF CARRIAGEWAY INTO OBJECT/PARKED VEHICLE,Yes,Dark Street lights on,Yes,Cross intersection,Serious injury accident,60 km/hr,144.92273,-37.82777,MELBOURNE,METROPOLITAN NORTH WEST REGION,1,1,0,1,0,0,1,0,0,0,1,0,0,0,0,0,0,0,0,1,Yes,0,1,0,1,0,0,Metropolitan Excluding CBD
14/04/2013,19.00.00,Yes,Collision with a fixed object,OFF RIGHT BEND INTO OBJECT/PARKED VEHICLE,No,Dark No street lights,Yes,Not at intersection,Serious injury accident,80 km/hr,145.92275,-37.30069,MURRINDINDI,NORTH EASTERN REGION,1,1,0,1,0,0,1,0,0,0,1,0,0,0,0,0,0,0,0,0,Yes,0,1,0,1,0,0,Country
14/04/2013,20.58.00,Yes,Struck Pedestrian,PED NEAR SIDE. PED HIT BY VEHICLE FROM THE RIGHT.,No,Dark Street lights on,Yes,T intersection,Serious injury accident,60 km/hr,143.8396,-37.58532,BALLARAT,WESTERN REGION,2,1,0,1,0,1,2,0,0,0,1,1,0,0,0,0,1,0,0,0,No,0,1,0,1,0,0,Large Provincial Cities
14/04/2013,20.10.00,Yes,Collision with vehicle,REAR END(VEHICLES IN SAME LANE),No,Dark No street lights,Yes,Not at intersection,Serious injury accident,100 km/hr,145.31962,-38.02671,CASEY,METROPOLITAN SOUTH EAST REGION,9,1,0,1,0,8,2,7,0,6,2,0,0,1,0,0,0,0,0,0,No,0,3,0,2,1,0,Metropolitan Excluding CBD
14/04/2013,11.00.00,No,collision with some other object,STRUCK OBJECT ON CARRIAGEWAY,No,Day,No,Not at intersection,Other injury accident,50 km/hr,146.94986,-36.72833,ALPINE,NORTH EASTERN REGION,1,1,0,0,1,0,1,0,0,0,0,0,0,1,0,0,0,0,0,0,No,0,1,0,0,1,0,Other Towns
14/04/2013,17.40.00,Yes,Collision with a fixed object,OFF RIGHT BEND INTO OBJECT/PARKED VEHICLE,No,Dusk/Dawn,No,Not at intersection,Other injury accident,60 km/hr,145.49931,-37.63638,YARRA RANGES,METROPOLITAN SOUTH EAST REGION,2,2,0,0,2,0,1,1,0,1,1,0,0,0,0,0,0,0,0,0,No,0,1,0,1,0,0,Country
14/04/2013,11.45.00,No,Collision with a fixed object,RIGHT OFF CARRIAGEWAY INTO OBJECT/PARKED VEHICLE,No,Day,Yes,Not at intersection,Serious injury accident,60 km/hr,145.13553,-37.88812,MONASH,METROPOLITAN SOUTH EAST REGION,1,1,0,1,0,0,1,0,0,0,1,0,0,0,0,0,0,0,0,0,No,0,1,0,1,0,0,Metropolitan Excluding CBD
14/04/2013,00.30.00,Yes,Collision with vehicle,REAR END(VEHICLES IN SAME LANE),No,Unk.,No,T intersection,Other injury accident,60 km/hr,145.01848,-37.84222,STONNINGTON,METROPOLITAN SOUTH EAST REGION,3,1,0,0,1,2,0,3,0,1,2,0,0,0,0,0,0,0,0,1,No,0,2,0,2,0,0,Metropolitan Excluding CBD
15/04/2013,05.40.00,Yes,Struck animal,STRUCK ANIMAL,No,Dark No street lights,No,Not at intersection,Other injury accident,110 km/hr,144.99371,-37.41937,MITCHELL,NORTHERN REGION,2,1,0,0,1,1,1,1,0,1,1,0,0,0,0,0,0,0,0,0,No,0,1,0,0,0,0,Country
15/04/2013,16.30.00,No,Collision with vehicle,RIGHT THROUGH,No,Day,No,Not at intersection,Other injury accident,Not known,145.42443,-36.38382,SHEPPARTON,NORTH EASTERN REGION,2,1,0,0,1,1,1,1,0,0,2,0,0,0,0,0,0,0,0,0,No,0,2,0,2,0,0,Small Provincial Cities
15/04/2013,09.00.00,No,Collision with a fixed object,OFF RIGHT BEND INTO OBJECT/PARKED VEHICLE,No,Day,Yes,Not at intersection,Other injury accident,50 km/hr,145.29724,-37.88558,KNOX,METROPOLITAN SOUTH EAST REGION,1,1,0,0,1,0,0,1,0,0,1,0,0,0,0,0,0,0,0,0,No,0,1,0,1,0,0,Metropolitan Excluding CBD
15/04/2013,00.05.00,Yes,Struck Pedestrian,ANY MANOEUVRE INVOLVING PED NOT INCLUDED IN DCAs 100-108.,No,Dark Street lights on,Yes,Not at intersection,Serious injury accident,50 km/hr,143.84718,-37.57047,BALLARAT,WESTERN REGION,2,1,0,1,0,1,2,0,0,0,1,1,0,0,0,0,0,0,0,0,No,0,1,0,1,0,0,Large Provincial Cities
15/04/2013,02.30.00,Yes,Collision with a fixed object,RIGHT OFF CARRIAGEWAY INTO OBJECT/PARKED VEHICLE,No,Dark Street lights on,Yes,T intersection,Other injury accident,60 km/hr,144.92373,-37.76526,MOONEE VALLEY,METROPOLITAN NORTH WEST REGION,1,1,0,0,1,0,1,0,0,0,1,0,0,0,0,0,0,0,0,0,Yes,0,1,0,1,0,0,Metropolitan Excluding CBD
15/04/2013,06.35.00,No,Collision with a fixed object,RIGHT OFF CARRIAGEWAY INTO OBJECT/PARKED VEHICLE,No,Day,Yes,T intersection,Serious injury accident,70 km/hr,145.16543,-37.88171,MONASH,METROPOLITAN SOUTH EAST REGION,1,1,0,1,0,0,1,0,0,0,1,0,0,0,0,0,0,0,0,1,No,0,1,0,1,0,0,Metropolitan Excluding CBD
15/04/2013,07.10.00,No,Collision with a fixed object,LEFT OFF CARRIAGEWAY INTO OBJECT/PARKED VEHICLE,No,Dusk/Dawn,Yes,Not at intersection,Serious injury accident,90 km/hr,144.43865,-38.18298,GEELONG,SOUTH WESTERN REGION,1,1,0,1,0,0,1,0,0,0,1,0,0,0,0,0,0,0,0,0,No,0,1,0,1,0,0,Country
15/04/2013,06.30.00,No,Collision with a fixed object,RIGHT OFF CARRIAGEWAY INTO OBJECT/PARKED VEHICLE,No,Dark No street lights,Yes,T intersection,Serious injury accident,70 km/hr,145.47907,-37.86374,YARRA RANGES,METROPOLITAN SOUTH EAST REGION,2,1,0,1,0,1,2,0,0,1,1,0,0,0,0,0,0,0,1,0,No,0,1,0,1,0,0,Country
15/04/2013,10.20.00,No,Collision with a fixed object,OFF RIGHT BEND INTO OBJECT/PARKED VEHICLE,No,Day,Yes,Not at intersection,Other injury accident,80 km/hr,145.29298,-37.90723,KNOX,METROPOLITAN SOUTH EAST REGION,2,1,0,0,1,1,1,1,0,1,1,0,0,0,0,0,0,0,0,0,No,0,1,0,1,0,0,Country
15/04/2013,10.50.00,No,Collision with vehicle,VEHICLE COLLIDES WITH VEHICLE PARKED ON LEFT OF ROAD,No,Day,Yes,Not at intersection,Other injury accident,60 km/hr,145.09376,-38.01534,KINGSTON,METROPOLITAN SOUTH EAST REGION,1,1,0,0,1,0,0,1,0,0,1,0,0,0,0,0,0,0,0,0,No,0,2,0,2,0,0,Metropolitan Excluding CBD
15/04/2013,10.25.00,No,Collision with vehicle,HEAD ON (NOT OVERTAKING),No,Day,Yes,Not at intersection,Other injury accident,60 km/hr,145.35482,-37.9206,YARRA RANGES,METROPOLITAN SOUTH EAST REGION,2,1,0,0,1,1,0,2,0,0,2,0,0,0,0,0,0,0,0,0,No,0,2,0,2,0,0,Metropolitan Excluding CBD
15/04/2013,10.55.00,No,Struck Pedestrian,ANY MANOEUVRE INVOLVING PED NOT INCLUDED IN DCAs 100-108.,Yes,Day,No,Not at intersection,Other injury accident,50 km/hr,144.18682,-38.41032,SURF COAST,SOUTH WESTERN REGION,2,1,0,0,1,1,1,1,0,0,1,1,0,0,0,0,0,0,0,0,No,0,1,0,1,0,0,Other Towns
15/04/2013,08.56.00,No,No collision and no object struck,OUT OF CONTROL ON CARRIAGEWAY (ON STRAIGHT),No,Day,Yes,T intersection,Other injury accident,60 km/hr,144.89112,-37.80301,MARIBYRNONG,METROPOLITAN NORTH WEST REGION,1,1,0,0,1,0,1,0,0,0,0,0,0,1,0,0,0,0,0,0,No,0,1,0,0,1,0,Metropolitan Excluding CBD
15/04/2013,09.24.00,No,Struck Pedestrian,ANY MANOEUVRE INVOLVING PED NOT INCLUDED IN DCAs 100-108.,No,Day,Yes,Not at intersection,Other injury accident,Camping grounds or off road,144.95716,-37.81266,MELBOURNE,METROPOLITAN NORTH WEST REGION,1,1,0,0,1,0,1,0,0,0,0,1,0,0,0,0,0,0,0,0,No,0,1,0,0,0,0,Metropolitan CBD Only
15/04/2013,08.55.00,No,Collision with a fixed object,OFF LEFT BEND INTO OBJECT/PARKED VEHICLE,No,Day,Yes,T intersection,Serious injury accident,50 km/hr,145.3469,-38.19662,CASEY,METROPOLITAN SOUTH EAST REGION,1,1,0,1,0,0,1,0,0,0,1,0,0,0,0,0,0,0,0,0,No,0,1,0,1,0,0,Country
15/04/2013,12.15.00,No,Collision with a fixed object,OFF RIGHT BEND INTO OBJECT/PARKED VEHICLE,No,Day,No,Not at intersection,Serious injury accident,100 km/hr,145.65835,-38.54853,BASS COAST,EASTERN REGION,1,1,0,1,0,0,1,0,0,0,1,0,0,0,0,0,0,0,0,0,No,0,1,0,1,0,0,Country
15/04/2013,11.50.00,No,Collision with vehicle,LEFT NEAR (INTERSECTIONS ONLY),No,Day,Yes,T intersection,Serious injury accident,70 km/hr,144.35359,-38.10632,GEELONG,SOUTH WESTERN REGION,10,2,0,2,0,8,4,6,0,0,10,0,0,0,0,0,0,0,2,5,No,0,10,0,10,0,0,Large Provincial Cities
15/04/2013,11.48.00,No,Struck Pedestrian,ANY MANOEUVRE INVOLVING PED NOT INCLUDED IN DCAs 100-108.,No,Day,Yes,Not at intersection,Serious injury accident,80 km/hr,145.05892,-37.85814,STONNINGTON,METROPOLITAN SOUTH EAST REGION,2,1,0,1,0,1,1,0,0,0,0,1,0,0,1,0,1,0,0,0,No,0,1,0,0,0,0,Metropolitan Excluding CBD
15/04/2013,13.00.00,No,Collision with vehicle,LANE CHANGE LEFT (NOT OVERTAKING),No,Day,Yes,Not at intersection,Other injury accident,40 km/hr,144.96255,-37.76453,MORELAND,METROPOLITAN NORTH WEST REGION,2,1,0,0,1,1,2,0,0,0,1,0,0,1,0,0,0,0,0,1,No,0,2,0,1,1,0,Metropolitan Excluding CBD
15/04/2013,11.30.00,No,Collision with vehicle,CROSS TRAFFIC(INTERSECTIONS ONLY),No,Day,Yes,Cross intersection,Other injury accident,60 km/hr,144.32907,-38.14461,GEELONG,SOUTH WESTERN REGION,2,2,0,0,2,0,1,1,0,0,2,0,0,0,0,0,0,0,0,0,No,0,2,0,2,0,0,Large Provincial Cities
15/04/2013,12.35.00,No,Collision with vehicle,HEAD ON (NOT OVERTAKING),No,Day,Yes,T intersection,Other injury accident,60 km/hr,145.07841,-37.73522,BANYULE,METROPOLITAN NORTH WEST REGION,2,1,0,0,1,1,1,1,0,0,2,0,0,0,0,0,0,0,1,0,No,0,2,0,2,0,0,Metropolitan Excluding CBD
15/04/2013,12.45.00,No,Collision with a fixed object,LEFT OFF CARRIAGEWAY INTO OBJECT/PARKED VEHICLE,No,Day,Yes,T intersection,Serious injury accident,70 km/hr,145.16398,-37.88989,MONASH,METROPOLITAN SOUTH EAST REGION,1,1,0,1,0,0,1,0,0,0,1,0,0,0,0,0,0,0,0,1,No,0,1,0,1,0,0,Metropolitan Excluding CBD
15/04/2013,13.40.00,No,Collision with a fixed object,OFF RIGHT BEND INTO OBJECT/PARKED VEHICLE,No,Day,Yes,Not at intersection,Serious injury accident,100 km/hr,145.80068,-38.13213,BAW BAW,EASTERN REGION,2,2,0,2,0,0,2,0,0,1,1,0,0,0,0,0,0,0,0,1,No,0,1,0,1,0,0,Country
15/04/2013,15.50.00,No,Collision with vehicle,RIGHT THROUGH,No,Day,Yes,T intersection,Other injury accident,60 km/hr,145.0947,-37.82564,BOROONDARA,METROPOLITAN SOUTH EAST REGION,2,1,0,0,1,1,2,0,0,0,1,0,0,1,0,0,0,0,0,0,No,0,2,0,1,1,0,Metropolitan Excluding CBD
15/04/2013,16.15.00,No,Collision with vehicle,REAR END(VEHICLES IN SAME LANE),No,Day,Yes,Cross intersection,Serious injury accident,60 km/hr,144.92122,-37.72131,MORELAND,METROPOLITAN NORTH WEST REGION,2,1,0,1,0,1,2,0,0,0,1,0,0,1,0,0,0,0,0,0,No,0,2,0,1,1,0,Metropolitan Excluding CBD