ACCIDENT_DATE,ACCIDENT_TIME,ALCOHOLTIME,ACCIDENT_TYPE,DCA_CODE,HIT_RUN_FLAG,LIGHT_CONDITION,POLICE_ATTEND,ROAD_GEOMETRY,SEVERITY,SPEED_ZONE,LONGITUDE,LATITUDE,LGA_NAME,REGION_NAME,TOTAL_PERSONS,INJ_OR_FATAL,FATALITY,SERIOUSINJURY,OTHERINJURY,NONINJURED,MALES,FEMALES,BICYCLIST,PASSENGER,DRIVER,PEDESTRIAN,PILLION,MOTORIST,UNKNOWN,PED_CYCLIST_5_12,PED_CYCLIST_13_18,OLD_PEDESTRIAN,OLD_DRIVER,YOUNG_DRIVER,ALCOHOL_RELATED,UNLICENCSED,NO_OF_VEHICLES,HEAVYVEHICLE,PASSENGERVEHICLE,MOTORCYCLE,PUBLICVEHICLE,DEG_URBAN_NAME
7/09/2013,13.40.00,No,Struck Pedestrian,FAR SIDE. PED HIT BY VEHICLE FROM THE LEFT,No,Day,No,Not at intersection,Serious injury accident,50 km/hr,145.18303,-37.82954,WHITEHORSE,METROPOLITAN SOUTH EAST REGION,2,1,0,1,0,1,1,1,0,0,1,1,0,0,0,0,0,0,0,1,No,0,1,0,1,0,0,Metropolitan Excluding CBD
7/09/2013,08.55.00,No,Collision with vehicle,HEAD ON (NOT OVERTAKING),No,Day,Yes,Not at intersection,Other injury accident,60 km/hr,145.3156,-37.56177,NILLUMBIK,METROPOLITAN NORTH WEST REGION,2,1,0,0,1,1,1,1,1,0,1,0,0,0,0,0,0,0,0,0,No,0,2,0,1,0,0,Country
7/09/2013,11.45.00,No,Collision with vehicle,RIGHT REAR.,No,Day,Yes,Cross intersection,Other injury accident,100 km/hr,143.97388,-37.4991,MOORABOOL,WESTERN REGION,4,1,0,0,1,3,2,2,0,2,2,0,0,0,0,0,0,0,0,1,No,0,2,0,2,0,0,Country
7/09/2013,13.05.00,No,Collision with vehicle,PARKED VEHICLES ONLY,No,Day,Yes,Cross intersection,Serious injury accident,50 km/hr,142.91587,-38.2409,CORANGAMITE,SOUTH WESTERN REGION,1,1,0,1,0,0,1,0,0,0,1,0,0,0,0,0,0,0,1,0,Yes,0,2,0,2,0,0,Other Towns
7/09/2013,11.50.00,No,Collision with vehicle,REAR END(VEHICLES IN SAME LANE),No,Day,Yes,Not at intersection,Fatal accident,100 km/hr,145.32653,-38.03388,CASEY,METROPOLITAN SOUTH EAST REGION,4,1,1,0,0,3,3,1,0,1,2,0,0,1,0,0,0,0,1,0,No,1,3,0,2,1,0,Metropolitan Excluding CBD
7/09/2013,13.29.00,No,Collision with vehicle,REAR END(VEHICLES IN SAME LANE),No,Day,Yes,T intersection,Other injury accident,80 km/hr,145.30079,-38.02204,CASEY,METROPOLITAN SOUTH EAST REGION,5,1,0,0,1,4,2,3,0,3,2,0,0,0,0,0,0,0,0,1,No,0,2,0,2,0,0,Metropolitan Excluding CBD
7/09/2013,15.20.00,Yes,Collision with vehicle,RIGHT NEAR (INTERSECTIONS ONLY),No,Day,Yes,T intersection,Other injury accident,60 km/hr,145.07984,-37.87833,STONNINGTON,METROPOLITAN SOUTH EAST REGION,2,1,0,0,1,1,1,1,0,0,2,0,0,0,0,0,0,0,0,0,No,0,2,0,2,0,0,Metropolitan Excluding CBD
7/09/2013,16.18.00,Yes,Struck Pedestrian,FAR SIDE. PED HIT BY VEHICLE FROM THE LEFT,No,Day,No,Cross intersection,Other injury accident,60 km/hr,144.96839,-37.79226,MELBOURNE,METROPOLITAN NORTH WEST REGION,2,1,0,0,1,1,1,0,0,0,1,1,0,0,0,0,1,0,0,0,No,0,1,0,1,0,0,Metropolitan Excluding CBD
7/09/2013,15.10.00,No,Collision with vehicle,PULLING OUT -REAR END,No,Day,Yes,Not at intersection,Serious injury accident,100 km/hr,145.75279,-38.17746,BAW BAW,EASTERN REGION,2,1,0,1,0,1,2,0,1,0,1,0,0,0,0,0,0,0,1,0,No,0,2,0,1,0,0,Country
7/09/2013,18.22.00,Yes,Struck Pedestrian,PED PLAYING/LYING/WORKING/STANDING ON CARRIAGEWAY.,No,Dark Street lights on,Yes,Not at intersection,Serious injury accident,60 km/hr,145.18816,-37.94459,DANDENONG,METROPOLITAN SOUTH EAST REGION,3,1,0,1,0,2,3,0,0,1,1,1,0,0,0,0,0,0,0,0,No,0,1,0,1,0,0,Metropolitan Excluding CBD
7/09/2013,16.30.00,Yes,Collision with vehicle,ENTERING PARKING,No,Day,No,Not at intersection,Other injury accident,40 km/hr,145.00119,-37.75507,DAREBIN,METROPOLITAN NORTH WEST REGION,2,2,0,0,2,0,2,0,0,0,1,0,0,1,0,0,0,0,0,0,No,0,2,0,1,1,0,Metropolitan Excluding CBD
7/09/2013,21.05.00,Yes,Collision with vehicle,CROSS TRAFFIC(INTERSECTIONS ONLY),No,Dark Street lights on,Yes,Cross intersection,Serious injury accident,70 km/hr,146.41708,-38.21674,LATROBE,EASTERN REGION,2,2,0,1,1,0,0,2,0,0,2,0,0,0,0,0,0,0,0,0,No,0,2,0,2,0,0,Small Provincial Cities
7/09/2013,23.10.00,Yes,Collision with vehicle,CROSS TRAFFIC(INTERSECTIONS ONLY),No,Dark Street lights on,Yes,Cross intersection,Other injury accident,60 km/hr,145.13987,-38.10873,FRANKSTON,METROPOLITAN SOUTH EAST REGION,2,2,0,0,2,0,0,2,0,0,2,0,0,0,0,0,0,0,0,0,No,0,2,0,2,0,0,Metropolitan Excluding CBD
7/09/2013,16.30.00,Yes,Collision with vehicle,RIGHT THROUGH,No,Day,Yes,T intersection,Other injury accident,50 km/hr,144.77664,-37.73381,BRIMBANK,METROPOLITAN NORTH WEST REGION,4,1,0,0,1,3,2,2,0,1,3,0,0,0,0,0,0,0,0,0,No,0,3,0,3,0,0,Metropolitan Excluding CBD
7/09/2013,10.15.00,No,Collision with vehicle,REAR END(VEHICLES IN SAME LANE),No,Day,Yes,T intersection,Other injury accident,60 km/hr,145.08582,-37.90557,MONASH,METROPOLITAN SOUTH EAST REGION,4,3,0,0,3,1,1,3,0,1,3,0,0,0,0,0,0,0,0,0,No,0,3,0,3,0,0,Metropolitan Excluding CBD
7/09/2013,15.15.00,Yes,Collision with vehicle,REAR END(VEHICLES IN SAME LANE),No,Day,No,Cross intersection,Other injury accident,50 km/hr,144.97147,-37.81405,MELBOURNE,METROPOLITAN NORTH WEST REGION,3,2,0,0,2,1,1,2,0,1,2,0,0,0,0,0,0,0,0,0,No,0,2,0,2,0,0,Metropolitan CBD Only
7/09/2013,22.17.00,Yes,Struck Pedestrian,PED STRUCK WALKING TO/FROM OR BOARDING/ALIGHTING VEHICLE.,Yes,Dark Street lights on,Yes,Not at intersection,Serious injury accident,50 km/hr,145.14102,-37.83984,WHITEHORSE,METROPOLITAN SOUTH EAST REGION,2,1,0,1,0,1,2,0,0,0,1,1,0,0,0,0,0,0,0,1,No,0,1,0,0,0,0,Metropolitan Excluding CBD
7/09/2013,10.30.00,No,Vehicle overturned (no collision),OUT OF CONTROL ON CARRIAGEWAY (ON STRAIGHT),No,Day,No,Not at intersection,Other injury accident,Not known,144.08125,-37.23553,HEPBURN,WESTERN REGION,1,1,0,0,1,0,1,0,0,0,0,0,0,1,0,0,0,0,0,0,No,0,1,0,0,1,0,Country
7/09/2013,14.00.00,Yes,Vehicle overturned (no collision),OUT OF CONTROL ON CARRIAGEWAY (ON STRAIGHT),No,Day,No,T intersection,Serious injury accident,70 km/hr,145.02491,-37.69299,WHITTLESEA,METROPOLITAN NORTH WEST REGION,1,1,0,1,0,0,1,0,0,0,0,0,0,1,0,0,0,0,0,0,No,0,1,0,0,1,0,Metropolitan Excluding CBD
7/09/2013,16.00.00,Yes,Vehicle overturned (no collision),OUT OF CONTROL ON CARRIAGEWAY (ON STRAIGHT),No,Day,No,Not at intersection,Other injury accident,100 km/hr,144.32546,-37.44727,MOORABOOL,WESTERN REGION,1,1,0,0,1,0,1,0,0,0,0,0,0,1,0,0,0,0,0,0,No,0,1,0,0,1,0,Country
7/09/2013,09.15.00,No,Collision with vehicle,U TURN,No,Day,No,Not at intersection,Serious injury accident,90 km/hr,145.14547,-38.0113,DANDENONG,METROPOLITAN SOUTH EAST REGION,2,1,0,1,0,1,1,1,0,0,2,0,0,0,0,0,0,0,0,0,No,0,2,0,2,0,0,Metropolitan Excluding CBD
7/09/2013,20.50.00,Yes,Collision with vehicle,U TURN,No,Dark Street lights on,No,Cross intersection,Other injury accident,Not known,144.99543,-37.84044,STONNINGTON,METROPOLITAN SOUTH EAST REGION,2,1,0,0,1,1,2,0,0,0,2,0,0,0,0,0,0,0,0,1,No,0,2,0,2,0,0,Metropolitan Excluding CBD
7/09/2013,14.20.00,Yes,Collision with vehicle,RIGHT REAR.,No,Day,No,T intersection,Other injury accident,Not known,145.06169,-37.92149,GLEN EIRA,METROPOLITAN SOUTH EAST REGION,2,1,0,0,1,1,0,2,0,0,2,0,0,0,0,0,0,0,1,0,No,0,2,0,2,0,0,Metropolitan Excluding CBD
7/09/2013,10.15.00,No,Collision with vehicle,LANE SIDE SWIPE (VEHICLES IN PARALLEL LANES),No,Unk.,No,T intersection,Other injury accident,Not known,145.0591,-37.94725,KINGSTON,METROPOLITAN SOUTH EAST REGION,2,1,0,0,1,1,2,0,0,0,2,0,0,0,0,0,0,0,0,0,No,0,2,1,1,0,0,Metropolitan Excluding CBD
7/09/2013,11.50.00,No,Collision with vehicle,LEAVING PARKING,No,Day,Yes,Not at intersection,Other injury accident,50 km/hr,144.81889,-37.86199,HOBSONS BAY,METROPOLITAN NORTH WEST REGION,2,1,0,0,1,1,1,1,0,0,2,0,0,0,0,0,0,0,1,1,No,0,3,0,3,0,0,Metropolitan Excluding CBD
7/09/2013,11.30.00,No,No collision and no object struck,OUT OF CONTROL ON CARRIAGEWAY (ON STRAIGHT),No,Day,No,T intersection,Other injury accident,Not known,144.61924,-37.6568,MELTON,METROPOLITAN NORTH WEST REGION,1,1,0,0,1,0,1,0,0,0,0,0,0,1,0,0,0,0,0,0,No,0,1,0,0,1,0,Country
7/09/2013,01.30.00,Yes,Collision with a fixed object,OUT OF CONTROL (OVERTAKING),No,Dark Street lights on,Yes,T intersection,Serious injury accident,60 km/hr,144.83247,-37.75658,BRIMBANK,METROPOLITAN NORTH WEST REGION,1,1,0,1,0,0,1,0,0,0,1,0,0,0,0,0,0,0,0,0,Yes,0,1,0,1,0,0,Metropolitan Excluding CBD
7/09/2013,05.50.00,Yes,Collision with vehicle,VEHICLE OFF FOOTPATH STRIKES VEH ON CARRIAGEWAY,No,Dusk/Dawn,Yes,Cross intersection,Serious injury accident,80 km/hr,145.25306,-38.00377,CASEY,METROPOLITAN SOUTH EAST REGION,2,1,0,1,0,1,2,0,1,0,1,0,0,0,0,0,0,0,0,0,No,0,2,0,1,0,0,Metropolitan Excluding CBD
7/09/2013,04.50.00,Yes,Collision with a fixed object,RIGHT OFF CARRIAGEWAY INTO OBJECT/PARKED VEHICLE,No,Dark Street lights on,Yes,Not at intersection,Serious injury accident,100 km/hr,145.2679,-37.99613,CASEY,METROPOLITAN SOUTH EAST REGION,1,1,0,1,0,0,0,1,0,0,1,0,0,0,0,0,0,0,0,1,Yes,0,1,0,1,0,0,Metropolitan Excluding CBD
7/09/2013,06.30.00,Yes,No collision and no object struck,UNKNOWN-NO DETAILS ON MANOEUVRES OF ROAD-USERS IN ACCIDENT,Not known,Dusk/Dawn,Yes,T intersection,Serious injury accident,100 km/hr,146.02728,-36.56922,BENALLA,NORTH EASTERN REGION,1,1,0,1,0,0,1,0,1,0,0,0,0,0,0,0,0,0,0,0,No,0,1,0,0,0,0,Country
7/09/2013,06.40.00,Yes,Collision with vehicle,RIGHT REAR.,No,Dusk/Dawn,No,T intersection,Other injury accident,Not known,145.15125,-37.7064,NILLUMBIK,METROPOLITAN NORTH WEST REGION,3,2,0,0,2,1,3,0,0,0,2,0,0,1,0,0,0,0,0,0,No,0,3,0,2,1,0,Metropolitan Excluding CBD
7/09/2013,10.30.00,No,Collision with vehicle,RIGHT THROUGH,Yes,Day,Yes,Cross intersection,Other injury accident,50 km/hr,144.9677,-37.80506,MELBOURNE,METROPOLITAN NORTH WEST REGION,2,1,0,0,1,1,1,0,0,0,1,0,0,0,1,0,0,0,0,0,No,0,2,0,1,0,0,Metropolitan Excluding CBD
7/09/2013,12.06.00,No,Collision with vehicle,REAR END(VEHICLES IN SAME LANE),No,Day,Yes,T intersection,Fatal accident,80 km/hr,145.06834,-37.97839,KINGSTON,METROPOLITAN SOUTH EAST REGION,7,3,1,0,2,4,3,4,0,3,4,0,0,0,0,0,0,0,1,1,No,0,4,0,4,0,0,Metropolitan Excluding CBD
7/09/2013,12.23.00,No,Collision with vehicle,U TURN,No,Day,Yes,T intersection,Other injury accident,60 km/hr,144.93847,-37.70628,MORELAND,METROPOLITAN NORTH WEST REGION,2,1,0,0,1,1,1,1,0,0,2,0,0,0,0,0,0,0,0,1,No,0,2,0,2,0,0,Metropolitan Excluding CBD
7/09/2013,12.05.00,No,Vehicle overturned (no collision),OFF CARRIAGEWAY TO LEFT,No,Day,Yes,Not at intersection,Serious injury accident,100 km/hr,143.54361,-35.30782,SWAN HILL,NORTHERN REGION,2,1,0,1,0,1,2,0,0,0,1,0,0,1,0,0,0,0,0,1,No,0,2,0,1,1,0,Country
7/09/2013,09.25.00,No,Collision with vehicle,STRUCK TRAIN,No,Day,Yes,Not at intersection,Serious injury accident,100 km/hr,144.24274,-38.22968,GEELONG,SOUTH WESTERN REGION,97,10,0,1,9,87,46,45,0,95,2,0,0,0,0,0,0,0,0,0,No,0,2,1,0,0,1,Country
7/09/2013,09.00.00,No,Collision with vehicle,RIGHT THROUGH,No,Day,Yes,T intersection,Other injury accident,60 km/hr,146.43809,-38.66358,SOUTH GIPPSLAND,EASTERN REGION,2,1,0,0,1,1,1,1,0,0,2,0,0,0,0,0,0,0,0,0,No,0,2,0,2,0,0,Country
8/09/2013,00.40.00,Yes,Collision with a fixed object,LEFT OFF CARRIAGEWAY INTO OBJECT/PARKED VEHICLE,Yes,Dark No street lights,Yes,Cross intersection,Serious injury accident,100 km/hr,144.64088,-38.19633,GEELONG,SOUTH WESTERN REGION,1,1,0,1,0,0,1,0,0,0,1,0,0,0,0,0,0,0,0,0,Yes,1,1,0,1,0,0,Country
8/09/2013,03.50.00,No,Collision with vehicle,REAR END(VEHICLES IN SAME LANE),No,Dark Street lights on,Yes,Not at intersection,Serious injury accident,80 km/hr,144.89501,-37.82773,HOBSONS BAY,METROPOLITAN NORTH WEST REGION,2,1,0,1,0,1,1,1,0,0,2,0,0,0,0,0,0,0,0,1,Yes,0,2,0,2,0,0,Metropolitan Excluding CBD
8/09/2013,02.30.00,Yes,Collision with a fixed object,LEFT OFF CARRIAGEWAY INTO OBJECT/PARKED VEHICLE,No,Dark Street lights unknown,Yes,T intersection,Other injury accident,50 km/hr,144.66699,-37.84797,WYNDHAM,METROPOLITAN NORTH WEST REGION,1,1,0,0,1,0,1,0,0,0,1,0,0,0,0,0,0,0,0,1,No,0,1,0,1,0,0,Metropolitan Excluding CBD
8/09/2013,05.02.00,Yes,Struck Pedestrian,FAR SIDE. PED HIT BY VEHICLE FROM THE LEFT,Yes,Dark Street lights on,Yes,Cross intersection,Serious injury accident,40 km/hr,144.96744,-37.81745,MELBOURNE,METROPOLITAN NORTH WEST REGION,2,1,0,1,0,1,0,1,0,0,1,1,0,0,0,0,1,0,0,0,No,0,1,0,1,0,0,Metropolitan CBD Only
8/09/2013,07.00.00,Yes,Collision with a fixed object,OFF LEFT BEND INTO OBJECT/PARKED VEHICLE,No,Day,Yes,T intersection,Other injury accident,60 km/hr,145.53844,-37.77366,YARRA RANGES,METROPOLITAN SOUTH EAST REGION,1,1,0,0,1,0,1,0,0,0,1,0,0,0,0,0,0,0,0,0,No,0,1,1,0,0,0,Other Towns
8/09/2013,13.45.00,No,Collision with vehicle,REAR END(VEHICLES IN SAME LANE),No,Day,Yes,Not at intersection,Other injury accident,80 km/hr,144.68872,-37.84554,WYNDHAM,METROPOLITAN NORTH WEST REGION,4,2,0,0,2,2,2,2,0,0,4,0,0,0,0,0,0,0,0,2,No,0,4,0,4,0,0,Metropolitan Excluding CBD
8/09/2013,10.50.00,No,Collision with a fixed object,RIGHT OFF CARRIAGEWAY INTO OBJECT/PARKED VEHICLE,No,Day,Yes,Not at intersection,Serious injury accident,100 km/hr,145.23392,-37.96583,CASEY,METROPOLITAN SOUTH EAST REGION,2,1,0,1,0,1,1,1,0,1,1,0,0,0,0,0,0,0,0,1,No,0,1,0,1,0,0,Metropolitan Excluding CBD
8/09/2013,00.10.00,Yes,Collision with a fixed object,LEFT OFF CARRIAGEWAY INTO OBJECT/PARKED VEHICLE,Yes,Dark Street lights on,Yes,T intersection,Serious injury accident,60 km/hr,145.2809,-37.79871,MAROONDAH,METROPOLITAN SOUTH EAST REGION,1,1,0,1,0,0,1,0,0,0,1,0,0,0,0,0,0,0,0,0,Yes,0,1,0,1,0,0,Metropolitan Excluding CBD
8/09/2013,14.00.00,No,Collision with vehicle,REAR END(VEHICLES IN SAME LANE),No,Day,Yes,Cross intersection,Serious injury accident,60 km/hr,145.01495,-37.88603,GLEN EIRA,METROPOLITAN SOUTH EAST REGION,3,1,0,1,0,2,2,1,0,0,3,0,0,0,0,0,0,0,1,0,No,0,3,0,3,0,0,Metropolitan Excluding CBD
8/09/2013,15.15.00,No,Collision with a fixed object,RIGHT OFF CARRIAGEWAY INTO OBJECT/PARKED VEHICLE,No,Day,Yes,Not at intersection,Serious injury accident,50 km/hr,145.56988,-36.75893,STRATHBOGIE,NORTH EASTERN REGION,4,3,0,1,2,1,2,2,0,3,1,0,0,0,0,0,0,0,0,0,No,0,1,0,1,0,0,Other Towns
8/09/2013,16.35.00,Yes,Collision with vehicle,VEHICLE STRIKES DOOR OF PARKED/STATIONARY VEHICLE,No,Day,Yes,Not at intersection,Other injury accident,50 km/hr,145.04284,-37.94417,KINGSTON,METROPOLITAN SOUTH EAST REGION,3,2,0,0,2,1,2,1,2,0,1,0,0,0,0,0,0,0,1,0,No,0,3,0,1,0,0,Metropolitan Excluding CBD
8/09/2013,17.50.00,Yes,Collision with vehicle,LEAVING PARKING,No,Day,No,Multiple intersection,Other injury accident,50 km/hr,144.96452,-37.85019,PORT PHILLIP,METROPOLITAN NORTH WEST REGION,2,1,0,0,1,1,1,0,0,0,2,0,0,0,0,0,0,0,1,0,No,0,2,0,1,0,0,Metropolitan Excluding CBD
8/09/2013,17.35.00,Yes,Collision with vehicle,CROSS TRAFFIC(INTERSECTIONS ONLY),No,Day,Yes,Cross intersection,Other injury accident,60 km/hr,146.26353,-38.17321,LATROBE,EASTERN REGION,5,2,0,0,2,3,1,4,0,3,2,0,0,0,0,0,0,0,1,0,No,0,2,0,2,0,0,Small Provincial Cities
8/09/2013,18.25.00,Yes,Collision with vehicle,REAR END(VEHICLES IN SAME LANE),No,Dusk/Dawn,Yes,Not at intersection,Other injury accident,80 km/hr,145.0429,-37.84802,STONNINGTON,METROPOLITAN SOUTH EAST REGION,5,1,0,0,1,4,1,4,0,3,2,0,0,0,0,0,0,0,0,1,No,0,2,0,2,0,0,Metropolitan Excluding CBD
8/09/2013,15.15.00,No,Collision with vehicle,RIGHT REAR.,No,Day,Yes,Cross intersection,Serious injury accident,90 km/hr,144.78994,-36.15686,CAMPASPE,NORTHERN REGION,3,2,0,2,0,1,2,1,0,1,2,0,0,0,0,0,0,0,1,1,No,0,2,0,2,0,0,Country
8/09/2013,17.40.00,Yes,Collision with a fixed object,OFF RIGHT BEND INTO OBJECT/PARKED VEHICLE,No,Dusk/Dawn,Yes,Not at intersection,Other injury accident,100 km/hr,145.50338,-36.96148,STRATHBOGIE,NORTH EASTERN REGION,3,3,0,0,3,0,0,3,0,2,1,0,0,0,0,0,0,0,0,0,No,0,1,0,1,0,0,Country
8/09/2013,16.00.00,Yes,Collision with a fixed object,OFF LEFT BEND INTO OBJECT/PARKED VEHICLE,No,Day,Yes,Not at intersection,Serious injury accident,100 km/hr,145.9211,-38.90088,SOUTH GIPPSLAND,EASTERN REGION,2,2,0,1,1,0,1,1,0,1,1,0,0,0,0,0,0,0,0,1,No,0,1,0,1,0,0,Country
8/09/2013,22.05.00,Yes,Struck Pedestrian,PED NEAR SIDE. PED HIT BY VEHICLE FROM THE RIGHT.,No,Dark Street lights on,Yes,Not at intersection,Other injury accident,50 km/hr,144.83389,-37.78599,BRIMBANK,METROPOLITAN NORTH WEST REGION,2,1,0,0,1,1,2,0,0,0,1,1,0,0,0,1,0,0,0,1,No,0,1,0,1,0,0,Metropolitan Excluding CBD
8/09/2013,18.30.00,Yes,Vehicle overturned (no collision),OUT OF CONTROL ON CARRIAGEWAY (ON STRAIGHT),Yes,Dark Street lights on,No,Not at intersection,Other injury accident,Not known,145.35709,-38.05393,CASEY,METROPOLITAN SOUTH EAST REGION,2,1,0,0,1,1,1,0,0,0,0,0,0,1,1,0,0,0,0,0,No,0,2,0,0,1,0,Metropolitan Excluding CBD
8/09/2013,15.30.00,No,Struck animal,STRUCK ANIMAL,No,Day,No,Not at intersection,Other injury accident,Not known,143.80251,-38.59524,COLAC OTWAY,SOUTH WESTERN REGION,1,1,0,0,1,0,1,0,0,0,0,0,0,1,0,0,0,0,0,0,No,0,1,0,0,1,0,Country
8/09/2013,13.00.00,No,No collision and no object struck,OUT OF CONTROL ON CARRIAGEWAY (ON BEND),No,Day,No,Not at intersection,Other injury accident,Camping grounds or off road,146.01996,-38.0052,BAW BAW,EASTERN REGION,1,1,0,0,1,0,1,0,0,0,0,0,0,1,0,0,0,0,0,0,No,0,1,0,0,1,0,Country
8/09/2013,14.00.00,No,Vehicle overturned (no collision),OUT OF CONTROL ON CARRIAGEWAY (ON BEND),No,Day,No,Not at intersection,Other injury accident,Not known,142.40876,-36.92658,NORTHERN GRAMPIANS,WESTERN REGION,1,1,0,0,1,0,1,0,0,0,0,0,0,1,0,0,0,0,0,0,No,0,1,0,0,1,0,Country
8/09/2013,12.50.00,No,Collision with vehicle,RIGHT THROUGH,No,Day,Yes,T intersection,Other injury accident,80 km/hr,145.14337,-37.92456,MONASH,METROPOLITAN SOUTH EAST REGION,2,1,0,0,1,1,2,0,0,0,2,0,0,0,0,0,0,0,0,0,No,0,2,0,2,0,0,Metropolitan Excluding CBD
8/09/2013,15.10.00,No,Collision with vehicle,HEAD ON (NOT OVERTAKING),No,Day,Yes,Not at intersection,Other injury accident,100 km/hr,145.50107,-37.17266,MURRINDINDI,NORTH EASTERN REGION,6,1,0,0,1,5,2,2,0,4,2,0,0,0,0,0,0,0,0,0,No,0,2,0,2,0,0,Country
8/09/2013,11.00.00,No,No collision and no object struck,OUT OF CONTROL ON CARRIAGEWAY (ON BEND),No,Day,No,Not at intersection,Other injury accident,Not known,146.14131,-37.28318,MANSFIELD,NORTH EASTERN REGION,1,1,0,0,1,0,1,0,0,0,0,0,0,1,0,0,0,0,0,0,No,0,1,0,0,1,0,Country
8/09/2013,10.30.00,No,No collision and no object struck,OUT OF CONTROL ON CARRIAGEWAY (ON STRAIGHT),No,Day,No,Not at intersection,Other injury accident,80 km/hr,145.21684,-38.20075,CASEY,METROPOLITAN SOUTH EAST REGION,1,1,0,0,1,0,1,0,0,0,0,0,0,1,0,0,0,0,0,0,No,0,1,0,0,1,0,Metropolitan Excluding CBD
8/09/2013,02.45.00,Yes,Struck Pedestrian,PED PLAYING/LYING/WORKING/STANDING ON CARRIAGEWAY.,Yes,Dark Street lights on,No,T intersection,Serious injury accident,40 km/hr,144.9937,-37.84957,STONNINGTON,METROPOLITAN SOUTH EAST REGION,2,1,0,1,0,1,0,1,0,0,0,1,0,0,1,0,0,0,0,0,No,0,1,0,0,0,0,Metropolitan Excluding CBD
9/09/2013,07.39.00,No,Collision with vehicle,RIGHT THROUGH,No,Day,Yes,Cross intersection,Other injury accident,80 km/hr,145.02788,-37.62839,WHITTLESEA,METROPOLITAN NORTH WEST REGION,4,1,0,0,1,3,3,1,0,1,3,0,0,0,0,0,0,0,0,0,No,0,3,0,3,0,0,Metropolitan Excluding CBD
9/09/2013,08.55.00,No,Struck Pedestrian,FAR SIDE. PED HIT BY VEHICLE FROM THE LEFT,No,Day,Yes,T intersection,Other injury accident,40 km/hr,144.9786,-37.80831,YARRA,METROPOLITAN NORTH WEST REGION,2,1,0,0,1,1,0,2,0,0,1,1,0,0,0,0,0,0,0,0,No,0,1,0,1,0,0,Metropolitan Excluding CBD
9/09/2013,12.05.00,No,Struck Pedestrian,PED NEAR SIDE. PED HIT BY VEHICLE FROM THE RIGHT.,No,Day,Yes,Cross intersection,Other injury accident,50 km/hr,144.95911,-37.81764,MELBOURNE,METROPOLITAN NORTH WEST REGION,2,1,0,0,1,1,2,0,0,0,1,1,0,0,0,0,0,0,0,0,No,0,1,0,1,0,0,Metropolitan CBD Only
9/09/2013,06.10.00,No,Collision with vehicle,LANE CHANGE RIGHT (NOT OVERTAKING),Yes,Dusk/Dawn,Yes,T intersection,Other injury accident,Not known,144.75541,-37.81084,BRIMBANK,METROPOLITAN NORTH WEST REGION,2,1,0,0,1,1,1,0,0,0,1,0,0,0,1,0,0,0,0,0,No,0,2,0,1,0,0,Metropolitan Excluding CBD
9/09/2013,14.15.00,No,Collision with vehicle,LEFT NEAR (INTERSECTIONS ONLY),No,Day,Yes,T intersection,Other injury accident,60 km/hr,145.11413,-38.04747,KINGSTON,METROPOLITAN SOUTH EAST REGION,2,1,0,0,1,1,2,0,0,0,1,0,0,1,0,0,0,0,0,0,No,0,2,0,1,1,0,Metropolitan Excluding CBD
9/09/2013,11.45.00,No,Vehicle overturned (no collision),OFF CARRIAGEWAY TO LEFT,No,Day,Yes,T intersection,Serious injury accident,100 km/hr,145.89065,-37.02083,MANSFIELD,NORTH EASTERN REGION,1,1,0,1,0,0,0,1,0,0,1,0,0,0,0,0,0,0,0,0,No,0,1,0,1,0,0,Country
9/09/2013,15.05.00,No,Collision with vehicle,VEHICLE STRIKES ANOTHER VEH WHILE EMERGING FROM DRIVEWAY,No,Day,Yes,Not at intersection,Other injury accident,60 km/hr,145.16659,-37.88915,MONASH,METROPOLITAN SOUTH EAST REGION,2,2,0,0,2,0,1,1,0,0,2,0,0,0,0,0,0,0,1,0,No,0,2,0,2,0,0,Metropolitan Excluding CBD
9/09/2013,15.15.00,No,Collision with vehicle,OTHER ON PATH,No,Day,Yes,Not at intersection,Serious injury accident,50 km/hr,145.06777,-37.91421,GLEN EIRA,METROPOLITAN SOUTH EAST REGION,1,1,0,1,0,0,0,1,0,0,1,0,0,0,0,0,0,0,1,0,No,0,4,0,4,0,0,Metropolitan Excluding CBD
9/09/2013,15.37.00,No,Collision with a fixed object,OFF LEFT BEND INTO OBJECT/PARKED VEHICLE,Yes,Day,Yes,T intersection,Other injury accident,50 km/hr,144.43479,-37.65966,MOORABOOL,WESTERN REGION,2,1,0,0,1,1,1,1,0,1,1,0,0,0,0,0,0,0,0,1,No,0,1,0,1,0,0,Small Provincial Cities
9/09/2013,19.40.00,Yes,Collision with vehicle,REAR END(VEHICLES IN SAME LANE),No,Dark Street lights on,Yes,Cross intersection,Other injury accident,60 km/hr,145.07098,-37.67046,WHITTLESEA,METROPOLITAN NORTH WEST REGION,3,2,0,0,2,1,2,1,0,0,3,0,0,0,0,0,0,0,0,0,Yes,0,3,0,3,0,0,Metropolitan Excluding CBD
9/09/2013,18.15.00,Yes,Collision with a fixed object,RIGHT OFF CARRIAGEWAY INTO OBJECT/PARKED VEHICLE,No,Day,Yes,Not at intersection,Serious injury accident,100 km/hr,143.16585,-38.46067,CORANGAMITE,SOUTH WESTERN REGION,1,1,0,1,0,0,0,1,0,0,1,0,0,0,0,0,0,0,0,1,No,0,1,0,1,0,0,Country