ACCIDENT_DATE,ACCIDENT_TIME,ALCOHOLTIME,ACCIDENT_TYPE,DCA_CODE,HIT_RUN_FLAG,LIGHT_CONDITION,POLICE_ATTEND,ROAD_GEOMETRY,SEVERITY,SPEED_ZONE,LONGITUDE,LATITUDE,LGA_NAME,REGION_NAME,TOTAL_PERSONS,INJ_OR_FATAL,FATALITY,SERIOUSINJURY,OTHERINJURY,NONINJURED,MALES,FEMALES,BICYCLIST,PASSENGER,DRIVER,PEDESTRIAN,PILLION,MOTORIST,UNKNOWN,PED_CYCLIST_5_12,PED_CYCLIST_13_18,OLD_PEDESTRIAN,OLD_DRIVER,YOUNG_DRIVER,ALCOHOL_RELATED,UNLICENCSED,NO_OF_VEHICLES,HEAVYVEHICLE,PASSENGERVEHICLE,MOTORCYCLE,PUBLICVEHICLE,DEG_URBAN_NAME
17/09/2013,18.30.00,Yes,Collision with vehicle,OTHER ON PATH,No,Dark Street lights on,Yes,Not at intersection,Other injury accident,50 km/hr,145.08184,-37.98742,KINGSTON,METROPOLITAN SOUTH EAST REGION,3,1,0,0,1,2,1,2,0,2,1,0,0,0,0,0,0,0,0,1,No,0,2,0,2,0,0,Metropolitan Excluding CBD
17/09/2013,14.30.00,No,No collision and no object struck,OFF CARRIAGEWAY TO RIGHT,No,Day,No,Cross intersection,Serious injury accident,60 km/hr,144.28717,-38.21892,GEELONG,SOUTH WESTERN REGION,1,1,0,1,0,0,1,0,0,0,0,0,0,1,0,0,0,0,0,0,No,0,1,0,0,1,0,Country
17/09/2013,18.00.00,Yes,Collision with vehicle,VEHICLE STRIKES DOOR OF PARKED/STATIONARY VEHICLE,No,Day,No,T intersection,Other injury accident,60 km/hr,144.97602,-37.85863,PORT PHILLIP,METROPOLITAN NORTH WEST REGION,2,1,0,0,1,1,2,0,1,0,1,0,0,0,0,0,0,0,0,0,No,0,2,0,1,0,0,Metropolitan Excluding CBD
17/09/2013,08.00.00,No,Collision with vehicle,U TURN,No,Day,No,Not at intersection,Other injury accident,50 km/hr,144.98103,-37.86353,PORT PHILLIP,METROPOLITAN NORTH WEST REGION,2,1,0,0,1,1,2,0,0,0,1,0,0,1,0,0,0,0,0,0,No,0,2,0,1,1,0,Metropolitan Excluding CBD
18/09/2013,01.38.00,Yes,Collision with a fixed object,LEFT OFF CARRIAGEWAY INTO OBJECT/PARKED VEHICLE,No,Dark Street lights on,Yes,Not at intersection,Serious injury accident,60 km/hr,145.19153,-37.80696,WHITEHORSE,METROPOLITAN SOUTH EAST REGION,1,1,0,1,0,0,1,0,0,0,1,0,0,0,0,0,0,0,0,0,No,0,1,0,1,0,0,Metropolitan Excluding CBD
18/09/2013,05.35.00,Yes,Collision with vehicle,REAR END(VEHICLES IN SAME LANE),No,Day,Yes,Cross intersection,Other injury accident,80 km/hr,145.25756,-38.00431,CASEY,METROPOLITAN SOUTH EAST REGION,5,1,0,0,1,4,5,0,0,0,5,0,0,0,0,0,0,0,0,0,No,0,5,0,5,0,0,Metropolitan Excluding CBD
18/09/2013,09.00.00,No,Collision with vehicle,RIGHT FAR (INTERSECTIONS ONLY),No,Day,Yes,T intersection,Other injury accident,60 km/hr,145.18169,-37.8635,MONASH,METROPOLITAN SOUTH EAST REGION,3,1,0,0,1,2,1,2,0,1,2,0,0,0,0,0,0,0,0,0,No,0,2,0,2,0,0,Metropolitan Excluding CBD
18/09/2013,09.20.00,No,Collision with vehicle,CROSS TRAFFIC(INTERSECTIONS ONLY),No,Day,Yes,Cross intersection,Other injury accident,60 km/hr,142.20226,-36.71176,HORSHAM,WESTERN REGION,2,1,0,0,1,1,1,1,0,0,2,0,0,0,0,0,0,0,0,0,No,0,2,0,2,0,0,Small Provincial Cities
18/09/2013,09.40.00,No,Struck Pedestrian,ANY MANOEUVRE INVOLVING PED NOT INCLUDED IN DCAs 100-108.,No,Day,No,Not at intersection,Other injury accident,50 km/hr,144.88569,-38.36636,MORNINGTON PENINSULA,METROPOLITAN SOUTH EAST REGION,2,1,0,0,1,1,1,1,0,0,1,1,0,0,0,0,0,0,0,0,No,0,1,0,0,0,0,Metropolitan Excluding CBD
18/09/2013,10.12.00,No,Collision with vehicle,RIGHT NEAR (INTERSECTIONS ONLY),No,Day,Yes,T intersection,Other injury accident,60 km/hr,145.12845,-37.92972,KINGSTON,METROPOLITAN SOUTH EAST REGION,4,3,0,0,3,1,3,1,0,2,2,0,0,0,0,0,0,0,0,0,No,0,2,0,2,0,0,Metropolitan Excluding CBD
18/09/2013,09.00.00,No,Collision with vehicle,RIGHT NEAR (INTERSECTIONS ONLY),No,Day,Yes,T intersection,Other injury accident,80 km/hr,145.3716,-37.75064,YARRA RANGES,METROPOLITAN SOUTH EAST REGION,2,1,0,0,1,1,0,2,0,0,2,0,0,0,0,0,0,0,0,0,No,0,2,0,2,0,0,Metropolitan Excluding CBD
18/09/2013,07.40.00,No,Collision with a fixed object,PARKED CAR RUN AWAY,No,Day,Yes,Not at intersection,Other injury accident,50 km/hr,145.03781,-37.69281,WHITTLESEA,METROPOLITAN NORTH WEST REGION,1,1,0,0,1,0,0,1,0,0,1,0,0,0,0,0,0,0,0,0,No,0,1,0,1,0,0,Metropolitan Excluding CBD
18/09/2013,09.15.00,No,Collision with vehicle,HEAD ON (NOT OVERTAKING),No,Day,Yes,Not at intersection,Serious injury accident,100 km/hr,144.53561,-37.4765,MACEDON RANGES,NORTHERN REGION,3,3,0,2,1,0,1,2,0,1,2,0,0,0,0,0,0,0,0,1,No,0,2,0,2,0,0,Country
18/09/2013,12.05.00,No,Collision with vehicle,VEHICLE OFF FOOTPATH STRIKES VEH ON CARRIAGEWAY,No,Day,Yes,T intersection,Other injury accident,50 km/hr,144.95439,-37.79934,MELBOURNE,METROPOLITAN NORTH WEST REGION,2,1,0,0,1,1,0,2,1,0,1,0,0,0,0,0,0,0,0,0,No,0,2,0,1,0,0,Metropolitan Excluding CBD
18/09/2013,08.51.00,No,Collision with vehicle,REAR END(VEHICLES IN SAME LANE),No,Day,Yes,T intersection,Other injury accident,50 km/hr,144.98236,-37.77952,YARRA,METROPOLITAN NORTH WEST REGION,3,1,0,0,1,2,1,2,0,1,2,0,0,0,0,0,0,0,0,0,No,0,2,0,2,0,0,Metropolitan Excluding CBD
18/09/2013,10.20.00,No,Collision with a fixed object,LEFT OFF CARRIAGEWAY INTO OBJECT/PARKED VEHICLE,No,Day,Yes,T intersection,Other injury accident,90 km/hr,144.58912,-38.15445,GEELONG,SOUTH WESTERN REGION,1,1,0,0,1,0,0,1,0,0,1,0,0,0,0,0,0,0,0,1,No,0,1,0,1,0,0,Country
18/09/2013,13.30.00,No,Collision with a fixed object,RIGHT OFF CARRIAGEWAY INTO OBJECT/PARKED VEHICLE,No,Day,Yes,Not at intersection,Other injury accident,110 km/hr,145.07096,-37.20096,MITCHELL,NORTHERN REGION,1,1,0,0,1,0,0,1,0,0,1,0,0,0,0,0,0,0,0,0,No,0,1,0,1,0,0,Country
18/09/2013,12.00.00,No,No collision and no object struck,OUT OF CONTROL ON CARRIAGEWAY (ON STRAIGHT),No,Day,No,T intersection,Other injury accident,Camping grounds or off road,145.32031,-37.44449,MURRINDINDI,NORTH EASTERN REGION,1,1,0,0,1,0,1,0,0,0,0,0,0,1,0,0,0,0,0,0,No,0,1,0,0,1,0,Country
18/09/2013,14.15.00,No,Collision with vehicle,CROSS TRAFFIC(INTERSECTIONS ONLY),No,Day,Yes,Cross intersection,Serious injury accident,60 km/hr,143.85216,-37.5678,BALLARAT,WESTERN REGION,2,1,0,1,0,1,1,1,0,0,2,0,0,0,0,0,0,0,0,0,No,0,2,0,2,0,0,Large Provincial Cities
18/09/2013,15.00.00,No,Collision with vehicle,RIGHT REAR.,No,Day,Yes,T intersection,Other injury accident,100 km/hr,145.95841,-36.31922,BENALLA,NORTH EASTERN REGION,2,1,0,0,1,1,2,0,0,0,0,0,0,2,0,0,0,0,0,0,No,0,2,0,0,2,0,Country
18/09/2013,16.10.00,No,Collision with vehicle,REAR END(VEHICLES IN SAME LANE),No,Day,Yes,Not at intersection,Other injury accident,60 km/hr,144.57552,-37.70055,MELTON,METROPOLITAN NORTH WEST REGION,5,2,0,0,2,3,2,3,0,2,3,0,0,0,0,0,0,0,0,0,No,0,3,0,3,0,0,Small Provincial Cities
18/09/2013,16.00.00,No,Collision with vehicle,REAR END(VEHICLES IN SAME LANE),No,Day,Yes,Not at intersection,Other injury accident,60 km/hr,145.13315,-37.6343,NILLUMBIK,METROPOLITAN NORTH WEST REGION,3,1,0,0,1,2,3,0,0,0,2,0,0,1,0,0,0,0,0,1,No,0,3,0,2,1,0,Metropolitan Excluding CBD
18/09/2013,16.30.00,No,Collision with vehicle,REAR END(VEHICLES IN SAME LANE),No,Day,Yes,Not at intersection,Other injury accident,80 km/hr,145.03852,-37.93843,KINGSTON,METROPOLITAN SOUTH EAST REGION,9,1,0,0,1,8,2,4,0,3,6,0,0,0,0,0,0,0,0,0,No,0,6,0,6,0,0,Metropolitan Excluding CBD
18/09/2013,18.29.00,Yes,Collision with a fixed object,OFF RIGHT BEND INTO OBJECT/PARKED VEHICLE,No,Dark Street lights on,Yes,Not at intersection,Other injury accident,50 km/hr,144.80917,-37.79324,BRIMBANK,METROPOLITAN NORTH WEST REGION,1,1,0,0,1,0,1,0,0,0,1,0,0,0,0,0,0,0,0,1,No,0,1,0,1,0,0,Metropolitan Excluding CBD
18/09/2013,14.44.00,No,Collision with vehicle,U TURN,No,Day,Yes,T intersection,Other injury accident,80 km/hr,145.04114,-37.9422,KINGSTON,METROPOLITAN SOUTH EAST REGION,5,1,0,0,1,4,0,5,0,3,2,0,0,0,0,0,0,0,0,0,No,0,2,0,2,0,0,Metropolitan Excluding CBD
18/09/2013,21.00.00,Yes,Collision with vehicle,LANE CHANGE RIGHT (NOT OVERTAKING),Yes,Dark Street lights on,No,T intersection,Other injury accident,40 km/hr,144.96248,-37.8189,MELBOURNE,METROPOLITAN NORTH WEST REGION,2,1,0,0,1,1,1,0,0,0,0,0,0,1,1,0,0,0,0,0,No,0,2,0,0,1,0,Metropolitan CBD Only
18/09/2013,20.00.00,Yes,Struck Pedestrian,PED NEAR SIDE. PED HIT BY VEHICLE FROM THE RIGHT.,Yes,Dark Street lights on,No,Not at intersection,Other injury accident,60 km/hr,144.8921,-37.73724,MOONEE VALLEY,METROPOLITAN NORTH WEST REGION,2,1,0,0,1,1,0,1,0,0,1,1,0,0,0,0,0,0,0,0,No,0,1,0,1,0,0,Metropolitan Excluding CBD
18/09/2013,19.45.00,Yes,Collision with vehicle,PULLING OUT -REAR END,No,Dark Street lights on,Yes,Not at intersection,Other injury accident,100 km/hr,145.32027,-38.02732,CASEY,METROPOLITAN SOUTH EAST REGION,3,2,0,0,2,1,1,2,0,0,3,0,0,0,0,0,0,0,0,0,No,0,3,0,3,0,0,Metropolitan Excluding CBD
18/09/2013,19.00.00,Yes,Collision with vehicle,RIGHT THROUGH,No,Dark Street lights on,Yes,Not at intersection,Serious injury accident,60 km/hr,143.83076,-37.57207,BALLARAT,WESTERN REGION,4,1,0,1,0,3,1,3,0,2,1,0,0,1,0,0,0,0,0,0,No,0,2,0,1,1,0,Large Provincial Cities
18/09/2013,20.32.00,Yes,Collision with vehicle,U TURN,No,Dark Street lights on,Yes,Not at intersection,Serious injury accident,40 km/hr,144.98152,-37.79866,YARRA,METROPOLITAN NORTH WEST REGION,2,1,0,1,0,1,1,1,0,0,1,0,0,1,0,0,0,0,0,0,No,0,2,0,1,1,0,Metropolitan Excluding CBD
18/09/2013,15.00.00,No,Struck Pedestrian,PED NEAR SIDE. PED HIT BY VEHICLE FROM THE RIGHT.,No,Day,Yes,Cross intersection,Other injury accident,60 km/hr,144.84536,-37.79005,BRIMBANK,METROPOLITAN NORTH WEST REGION,2,1,0,0,1,1,1,1,0,0,1,1,0,0,0,0,0,0,0,0,No,0,1,0,1,0,0,Metropolitan Excluding CBD
18/09/2013,23.44.00,Yes,Struck Pedestrian,PED WALKING WITH TRAFFIC,No,Dark Street lights on,Yes,Not at intersection,Serious injury accident,50 km/hr,144.95149,-37.29381,MITCHELL,NORTHERN REGION,2,1,0,1,0,1,1,1,0,0,1,1,0,0,0,0,0,0,0,0,No,0,1,0,1,0,0,Other Towns
18/09/2013,15.20.00,No,Collision with a fixed object,LEFT OFF CARRIAGEWAY INTO OBJECT/PARKED VEHICLE,No,Day,Yes,Not at intersection,Other injury accident,110 km/hr,145.88374,-38.14179,BAW BAW,EASTERN REGION,1,1,0,0,1,0,0,1,0,0,1,0,0,0,0,0,0,0,0,0,Yes,0,1,0,1,0,0,Other Towns
18/09/2013,17.10.00,No,Collision with a fixed object,OFF RIGHT BEND INTO OBJECT/PARKED VEHICLE,No,Day,Yes,Not at intersection,Other injury accident,80 km/hr,144.81631,-37.82705,WYNDHAM,METROPOLITAN NORTH WEST REGION,1,1,0,0,1,0,1,0,0,0,1,0,0,0,0,0,0,0,0,0,No,0,1,0,1,0,0,Metropolitan Excluding CBD
18/09/2013,17.00.00,No,Struck Pedestrian,FAR SIDE. PED HIT BY VEHICLE FROM THE LEFT,No,Dark Street lights on,No,Cross intersection,Other injury accident,Not known,144.89239,-37.80326,MARIBYRNONG,METROPOLITAN NORTH WEST REGION,2,1,0,0,1,1,0,1,0,0,0,1,0,0,1,0,0,0,0,0,No,0,1,0,0,0,0,Metropolitan Excluding CBD
18/09/2013,08.15.00,No,Collision with vehicle,LANE CHANGE LEFT (NOT OVERTAKING),No,Day,No,Cross intersection,Other injury accident,60 km/hr,145.00917,-37.8676,GLEN EIRA,METROPOLITAN NORTH WEST REGION,2,1,0,0,1,1,2,0,1,0,1,0,0,0,0,0,0,0,0,0,No,0,2,0,1,0,0,Metropolitan Excluding CBD
18/09/2013,11.25.00,No,Collision with vehicle,REAR END(VEHICLES IN SAME LANE),No,Day,Yes,Not at intersection,Serious injury accident,60 km/hr,144.73535,-37.74617,MELTON,METROPOLITAN NORTH WEST REGION,4,1,0,1,0,3,3,1,0,1,3,0,0,0,0,0,0,0,0,0,No,0,3,1,0,0,1,Metropolitan Excluding CBD
18/09/2013,17.00.00,No,Collision with vehicle,REAR END(VEHICLES IN SAME LANE),No,Day,No,Not at intersection,Other injury accident,60 km/hr,144.97414,-37.83596,PORT PHILLIP,METROPOLITAN NORTH WEST REGION,3,1,0,0,1,2,2,1,0,0,3,0,0,0,0,0,0,0,0,1,No,0,3,0,3,0,0,Metropolitan Excluding CBD
18/09/2013,18.30.00,Yes,Collision with vehicle,RIGHT THROUGH,No,Dark Street lights on,Yes,Cross intersection,Other injury accident,60 km/hr,146.321,-36.35805,WANGARATTA,NORTH EASTERN REGION,2,1,0,0,1,1,0,2,0,0,2,0,0,0,0,0,0,0,0,1,No,0,2,0,2,0,0,Small Provincial Cities
18/09/2013,13.55.00,No,Collision with vehicle,REAR END(VEHICLES IN SAME LANE),No,Day,No,Not at intersection,Other injury accident,60 km/hr,144.93121,-37.82248,MELBOURNE,METROPOLITAN NORTH WEST REGION,4,1,0,0,1,3,1,3,0,2,2,0,0,0,0,0,0,0,0,0,No,0,2,0,2,0,0,Metropolitan Excluding CBD
18/09/2013,18.40.00,Yes,Collision with vehicle,REAR END(VEHICLES IN SAME LANE),No,Dark Street lights on,Yes,T intersection,Other injury accident,70 km/hr,145.26288,-37.82943,MAROONDAH,METROPOLITAN SOUTH EAST REGION,2,1,0,0,1,1,0,2,0,0,2,0,0,0,0,0,0,0,0,0,No,0,2,0,2,0,0,Metropolitan Excluding CBD
18/09/2013,15.00.00,No,Collision with vehicle,PULLING OUT (OVERTAKING),No,Day,Yes,Not at intersection,Other injury accident,100 km/hr,143.89711,-35.73262,GANNAWARRA,NORTHERN REGION,2,1,0,0,1,1,2,0,0,0,2,0,0,0,0,0,0,0,0,0,No,0,2,0,2,0,0,Country
18/09/2013,08.00.00,No,Collision with vehicle,REAR END(VEHICLES IN SAME LANE),No,Day,No,Not at intersection,Other injury accident,70 km/hr,145.09592,-37.94682,KINGSTON,METROPOLITAN SOUTH EAST REGION,4,1,0,0,1,3,0,2,0,2,2,0,0,0,0,0,0,0,0,1,No,0,2,0,2,0,0,Metropolitan Excluding CBD
18/09/2013,08.50.00,No,Collision with vehicle,REAR END(VEHICLES IN SAME LANE),No,Day,No,T intersection,Other injury accident,80 km/hr,144.38137,-38.06499,GEELONG,SOUTH WESTERN REGION,2,1,0,0,1,1,1,1,0,0,2,0,0,0,0,0,0,0,0,1,No,0,2,0,2,0,0,Large Provincial Cities
18/09/2013,09.30.00,No,Collision with vehicle,HEAD ON (NOT OVERTAKING),No,Day,No,Not at intersection,Other injury accident,100 km/hr,146.7914,-36.4236,INDIGO,NORTH EASTERN REGION,2,1,0,0,1,1,0,1,0,0,1,0,0,0,1,0,0,0,0,0,No,0,2,0,1,0,0,Country
18/09/2013,19.00.00,Yes,Collision with vehicle,LEFT REAR,No,Dusk/Dawn,No,T intersection,Other injury accident,60 km/hr,144.95577,-37.73051,MORELAND,METROPOLITAN NORTH WEST REGION,3,1,0,0,1,2,1,0,0,0,1,0,0,0,2,0,0,0,0,0,No,1,3,0,1,0,0,Metropolitan Excluding CBD
19/09/2013,04.22.00,Yes,Collision with vehicle,VEHICLE STRIKES DOOR OF PARKED/STATIONARY VEHICLE,No,Unk.,No,Not at intersection,Serious injury accident,40 km/hr,144.99396,-37.8479,STONNINGTON,METROPOLITAN SOUTH EAST REGION,2,1,0,1,0,1,1,1,1,0,1,0,0,0,0,0,0,0,0,0,No,0,2,0,1,0,0,Metropolitan Excluding CBD
19/09/2013,03.34.00,Yes,Struck Pedestrian,VEH STRIKES PED ON FOOTPATH/MEDIAN/TRAFFIC ISLAND.,No,Dark Street lights on,Yes,Not at intersection,Serious injury accident,60 km/hr,144.88919,-37.79106,MARIBYRNONG,METROPOLITAN NORTH WEST REGION,3,2,0,2,0,1,2,1,0,0,2,1,0,0,0,0,0,0,0,1,No,0,2,0,2,0,0,Metropolitan Excluding CBD
19/09/2013,03.00.00,Yes,Vehicle overturned (no collision),OUT OF CONTROL ON CARRIAGEWAY (ON STRAIGHT),No,Dark Street lights on,Yes,Not at intersection,Other injury accident,110 km/hr,146.42453,-38.24445,LATROBE,EASTERN REGION,1,1,0,0,1,0,1,0,0,0,1,0,0,0,0,0,0,0,0,0,No,0,1,0,1,0,0,Country
19/09/2013,06.50.00,No,Collision with vehicle,LANE SIDE SWIPE (VEHICLES IN PARALLEL LANES),No,Day,Yes,Not at intersection,Other injury accident,100 km/hr,144.85151,-37.73799,BRIMBANK,METROPOLITAN NORTH WEST REGION,5,1,0,0,1,4,5,0,0,0,5,0,0,0,0,0,0,0,0,2,No,0,5,2,3,0,0,Metropolitan Excluding CBD
19/09/2013,08.57.00,No,Collision with vehicle,ENTERING PARKING,No,Day,Yes,Not at intersection,Serious injury accident,60 km/hr,144.29495,-36.76932,BENDIGO,NORTHERN REGION,2,1,0,1,0,1,1,1,1,0,1,0,0,0,0,0,0,0,0,0,No,0,2,0,1,0,0,Large Provincial Cities
19/09/2013,08.30.00,No,Collision with vehicle,RIGHT THROUGH,No,Day,Yes,Not at intersection,Other injury accident,60 km/hr,144.29936,-36.73861,BENDIGO,NORTHERN REGION,2,1,0,0,1,1,2,0,1,0,1,0,0,0,0,0,0,0,0,0,No,0,2,0,1,0,0,Large Provincial Cities
19/09/2013,10.00.00,No,Collision with vehicle,REAR END(VEHICLES IN SAME LANE),No,Day,Yes,Cross intersection,Serious injury accident,75 km/hr,143.84939,-37.53531,BALLARAT,WESTERN REGION,2,2,0,1,1,0,1,1,0,0,2,0,0,0,0,0,0,0,1,0,No,0,2,0,2,0,0,Large Provincial Cities
19/09/2013,09.50.00,No,Collision with vehicle,HEAD ON (NOT OVERTAKING),No,Day,Yes,T intersection,Serious injury accident,100 km/hr,144.60247,-37.60886,MELTON,METROPOLITAN NORTH WEST REGION,2,1,0,1,0,1,2,0,0,0,2,0,0,0,0,0,0,0,1,0,No,0,2,1,1,0,0,Country
19/09/2013,11.15.00,No,Collision with vehicle,REAR END(VEHICLES IN SAME LANE),No,Day,Yes,Cross intersection,Other injury accident,70 km/hr,144.99299,-37.79985,YARRA,METROPOLITAN NORTH WEST REGION,2,1,0,0,1,1,1,1,0,0,2,0,0,0,0,0,0,0,0,0,No,0,2,0,1,0,0,Metropolitan Excluding CBD
19/09/2013,11.22.00,No,Collision with vehicle,REAR END(VEHICLES IN SAME LANE),No,Day,No,Not at intersection,Other injury accident,60 km/hr,144.28682,-36.75365,BENDIGO,NORTHERN REGION,2,1,0,0,1,1,1,1,0,0,2,0,0,0,0,0,0,0,0,1,No,0,2,0,2,0,0,Large Provincial Cities
19/09/2013,09.00.00,No,Collision with vehicle,CROSS TRAFFIC(INTERSECTIONS ONLY),No,Day,No,Cross intersection,Other injury accident,80 km/hr,145.17447,-37.99884,DANDENONG,METROPOLITAN SOUTH EAST REGION,2,1,0,0,1,1,1,1,0,0,2,0,0,0,0,0,0,0,0,0,No,0,2,0,2,0,0,Metropolitan Excluding CBD
19/09/2013,10.40.00,No,Collision with a fixed object,OFF LEFT BEND INTO OBJECT/PARKED VEHICLE,No,Day,Yes,Not at intersection,Other injury accident,100 km/hr,145.78268,-38.28085,SOUTH GIPPSLAND,EASTERN REGION,1,1,0,0,1,0,0,1,0,0,1,0,0,0,0,0,0,0,0,1,No,0,1,0,1,0,0,Country
19/09/2013,14.25.00,No,Collision with vehicle,REAR END(VEHICLES IN SAME LANE),No,Day,Yes,T intersection,Other injury accident,60 km/hr,144.66479,-37.90112,WYNDHAM,METROPOLITAN NORTH WEST REGION,4,1,0,0,1,3,4,0,0,0,4,0,0,0,0,0,0,0,0,0,No,0,4,0,4,0,0,Metropolitan Excluding CBD
19/09/2013,11.30.00,No,Collision with a fixed object,OFF RIGHT BEND INTO OBJECT/PARKED VEHICLE,No,Day,Yes,Not at intersection,Other injury accident,100 km/hr,145.90308,-38.32175,BAW BAW,EASTERN REGION,1,1,0,0,1,0,0,1,0,0,1,0,0,0,0,0,0,0,0,1,No,0,1,0,1,0,0,Country
19/09/2013,09.40.00,No,Collision with vehicle,RIGHT THROUGH,No,Day,Yes,T intersection,Other injury accident,60 km/hr,144.35824,-38.08242,GEELONG,SOUTH WESTERN REGION,2,2,0,0,2,0,1,1,0,0,2,0,0,0,0,0,0,0,0,1,No,0,2,0,2,0,0,Large Provincial Cities
19/09/2013,14.00.00,No,Collision with vehicle,LEFT TURN SIDESWIPE,Yes,Day,No,T intersection,Other injury accident,50 km/hr,145.08122,-37.75019,BANYULE,METROPOLITAN NORTH WEST REGION,2,1,0,0,1,1,1,0,1,0,0,0,0,0,1,0,0,0,0,0,No,0,2,0,0,0,0,Metropolitan Excluding CBD
19/09/2013,13.50.00,No,Collision with vehicle,RIGHT THROUGH,No,Day,Yes,T intersection,Other injury accident,60 km/hr,144.86508,-37.76946,MOONEE VALLEY,METROPOLITAN NORTH WEST REGION,3,1,0,0,1,2,2,1,0,0,3,0,0,0,0,0,0,0,1,1,No,0,3,0,3,0,0,Metropolitan Excluding CBD
19/09/2013,14.45.00,No,Collision with vehicle,CROSS TRAFFIC(INTERSECTIONS ONLY),No,Day,Yes,Cross intersection,Other injury accident,50 km/hr,144.95841,-37.73076,MORELAND,METROPOLITAN NORTH WEST REGION,2,1,0,0,1,1,2,0,0,0,2,0,0,0,0,0,0,0,0,0,No,0,2,0,2,0,0,Metropolitan Excluding CBD
19/09/2013,13.25.00,No,Collision with a fixed object,RIGHT OFF CARRIAGEWAY INTO OBJECT/PARKED VEHICLE,No,Day,Yes,Not at intersection,Serious injury accident,100 km/hr,145.17929,-36.93372,STRATHBOGIE,NORTH EASTERN REGION,1,1,0,1,0,0,1,0,0,0,1,0,0,0,0,0,0,0,0,0,No,0,1,0,1,0,0,Country
19/09/2013,12.10.00,No,Collision with a fixed object,RIGHT OFF CARRIAGEWAY INTO OBJECT/PARKED VEHICLE,No,Day,Yes,Not at intersection,Serious injury accident,100 km/hr,145.43184,-36.48915,SHEPPARTON,NORTH EASTERN REGION,1,1,0,1,0,0,0,1,0,0,1,0,0,0,0,0,0,0,1,0,No,0,1,0,1,0,0,Country
19/09/2013,17.50.00,No,No collision and no object struck,OUT OF CONTROL ON CARRIAGEWAY (ON STRAIGHT),No,Dusk/Dawn,Yes,Cross intersection,Other injury accident,40 km/hr,144.95956,-37.81862,MELBOURNE,METROPOLITAN NORTH WEST REGION,1,1,0,0,1,0,1,0,0,0,0,0,0,1,0,0,0,0,0,0,No,0,1,0,0,1,0,Metropolitan CBD Only
19/09/2013,17.05.00,No,Struck Pedestrian,PED NEAR SIDE. PED HIT BY VEHICLE FROM THE RIGHT.,No,Day,Yes,Cross intersection,Serious injury accident,30km/hr,144.96378,-37.82954,PORT PHILLIP,METROPOLITAN NORTH WEST REGION,2,1,0,1,0,1,2,0,0,0,1,1,0,0,0,0,0,0,0,0,No,0,1,0,0,0,1,Metropolitan Excluding CBD
19/09/2013,16.00.00,No,Collision with vehicle,VEHICLE STRIKES ANOTHER VEH WHILE EMERGING FROM DRIVEWAY,No,Day,Yes,Not at intersection,Other injury accident,60 km/hr,147.62875,-37.82674,EAST GIPPSLAND,EASTERN REGION,2,1,0,0,1,1,2,0,1,0,1,0,0,0,0,0,0,0,0,0,No,0,2,0,1,0,0,Small Provincial Cities
19/09/2013,19.00.00,Yes,Collision with vehicle,VEHICLE COLLIDES WITH VEHICLE PARKED ON LEFT OF ROAD,No,Dark Street lights on,Yes,Not at intersection,Serious injury accident,70 km/hr,144.36586,-38.09322,GEELONG,SOUTH WESTERN REGION,5,2,0,2,0,3,1,4,0,3,1,1,0,0,0,0,0,0,0,0,No,0,2,0,2,0,0,Large Provincial Cities
19/09/2013,19.10.00,Yes,Collision with vehicle,RIGHT NEAR (INTERSECTIONS ONLY),No,Dark Street lights on,Yes,T intersection,Other injury accident,70 km/hr,144.82248,-37.84876,HOBSONS BAY,METROPOLITAN NORTH WEST REGION,2,2,0,0,2,0,2,0,0,0,2,0,0,0,0,0,0,0,0,0,No,0,2,0,2,0,0,Metropolitan Excluding CBD
19/09/2013,12.22.00,No,Collision with vehicle,REAR END(VEHICLES IN SAME LANE),No,Day,Yes,Cross intersection,Other injury accident,60 km/hr,145.02322,-37.72549,DAREBIN,METROPOLITAN NORTH WEST REGION,6,2,0,0,2,4,4,2,0,2,4,0,0,0,0,0,0,0,0,2,No,0,4,0,4,0,0,Metropolitan Excluding CBD
19/09/2013,23.55.00,Yes,Struck Pedestrian,ANY MANOEUVRE INVOLVING PED NOT INCLUDED IN DCAs 100-108.,Yes,Dark Street lights on,No,Not at intersection,Other injury accident,50 km/hr,144.95657,-37.82433,MELBOURNE,METROPOLITAN NORTH WEST REGION,2,1,0,0,1,1,1,0,0,0,0,1,0,0,1,0,0,0,0,0,No,0,1,0,0,0,0,Metropolitan Excluding CBD
19/09/2013,13.30.00,No,Struck Pedestrian,PED PLAYING/LYING/WORKING/STANDING ON CARRIAGEWAY.,Yes,Day,No,Multiple intersection,Other injury accident,40 km/hr,145.17193,-38.00891,DANDENONG,METROPOLITAN SOUTH EAST REGION,2,1,0,0,1,1,1,1,0,0,1,1,0,0,0,0,0,0,0,0,No,0,1,0,1,0,0,Metropolitan Excluding CBD